scope,project_count,projects,text_sha256,row_count,sample_issue_ids
cross_project,2,BIRT|CDT,78ed923dd3b24f64a517505f977569bd15e29e414c62f9bf740b58315112be5b,2,185336|185342
cross_project,2,BIRT|CDT,e4f6d5d8b2ed0720685c31c4f6dcdaef77dbef9ba3b726e71560d7192be85511,2,153545|120260
cross_project,5,BIRT|CDT|EQUINOX|MYLYN|PLATFORM,513c22e27808b619d259dde96311784dea7b604b73b07b07b6819c04b52388fd,5,252841|254176|254174
cross_project,6,BIRT|CDT|EQUINOX|MYLYN|PLATFORM|TPTP,d1205ca8f03634b2024253e550ce283cf88096fe75b1c412088442bea2274bce,7,252819|253350|253348
cross_project,6,BIRT|CDT|EQUINOX|MYLYN|PLATFORM|TPTP,05f5941b825910c0dfa9fa0f70c6ccd2d6c10d2faf5f824d44e9404eafc00ecd,6,252846|254309|254307
cross_project,6,BIRT|CDT|EQUINOX|MYLYN|PLATFORM|TPTP,09fd927b1f943d6b5f4dc1976664eb3ed6fda1bab187fcdabe45b9a274c527d7,6,252845|254283|254280
cross_project,6,BIRT|CDT|EQUINOX|MYLYN|PLATFORM|TPTP,0d4221cbaff81efc4767bf88940d5fd61042fb0326271bb96d7bb197871e906e,6,252843|254232|254230
cross_project,6,BIRT|CDT|EQUINOX|MYLYN|PLATFORM|TPTP,1e7dd3bc5d90ff091782f9548cb76faa7cb1e2199c55831615b7753e4759d8c6,6,252831|253576|253574
cross_project,6,BIRT|CDT|EQUINOX|MYLYN|PLATFORM|TPTP,2992aad16a80120d0d9951b5a2a6012675f38e2531bfc70b9ba2a8b8281dcf9e,6,252837|254072|254070
cross_project,6,BIRT|CDT|EQUINOX|MYLYN|PLATFORM|TPTP,2a7e7f28bdb55fafb1bc4d18d171097901a6374b8a223c67e0b627fc698e6784,6,252835|254017|254015
cross_project,6,BIRT|CDT|EQUINOX|MYLYN|PLATFORM|TPTP,53705f6c2d2650baa54da5c5708b865a328387102aec772f68de96723a738c37,6,252839|254124|254122
cross_project,6,BIRT|CDT|EQUINOX|MYLYN|PLATFORM|TPTP,6a275b309ee2f9576e986dc8231eec3c75232280d18d201ad58b9022860452c0,6,252833|253627|253625
cross_project,6,BIRT|CDT|EQUINOX|MYLYN|PLATFORM|TPTP,88ba7036e82c1022cd34496a9557da6907cc697a5e88633ea7221c260045e9a6,6,252829|253525|253522
cross_project,6,BIRT|CDT|EQUINOX|MYLYN|PLATFORM|TPTP,899ab21c2f1fc88a7f2998dfff23fec7b244404cd098f62dd4c2bd58046e28f1,6,252823|253375|253373
cross_project,6,BIRT|CDT|EQUINOX|MYLYN|PLATFORM|TPTP,8f4a2d36c89ea76419edfd2ea4dd01b133e8492d34430c78e9cd625be42d8a01,6,252840|254150|254148
cross_project,6,BIRT|CDT|EQUINOX|MYLYN|PLATFORM|TPTP,9683cead9bbefbb0780f482b7997e860faf274934b3f65707d6ca7da2d4fac56,6,252828|253500|253498
cross_project,6,BIRT|CDT|EQUINOX|MYLYN|PLATFORM|TPTP,a435345088540ae02dc3e18945a626a8e5cbf609accd5e879c946f30f9e15a47,6,252834|253853|253851
cross_project,6,BIRT|CDT|EQUINOX|MYLYN|PLATFORM|TPTP,b98f3856fa11fab03a9fe234696e62670fde6b453d86e29212c1efee7f81f913,6,252838|254097|254095
cross_project,6,BIRT|CDT|EQUINOX|MYLYN|PLATFORM|TPTP,ca711abfcf2bf2e9898490f311f981be34d1e9b98969154672acb708353f8b46,6,252825|253452|253450
cross_project,6,BIRT|CDT|EQUINOX|MYLYN|PLATFORM|TPTP,cc007f6b60046594c941970b7ef6c26051362d328494af97169b469935f3294e,6,252830|253550|253548
cross_project,6,BIRT|CDT|EQUINOX|MYLYN|PLATFORM|TPTP,dd5b3f64bce562d5edb1b8040f02cded7889cd03a30744744dac1273dd00d584,6,252836|254045|254043
cross_project,6,BIRT|CDT|EQUINOX|MYLYN|PLATFORM|TPTP,df3472e11f6444039ee811a3ce5ee9d712a1f4a4c57689b5fe560ccdb92a9617,6,252826|253476|253474
cross_project,6,BIRT|CDT|EQUINOX|MYLYN|PLATFORM|TPTP,e33d299acbeb6b44f71ff19efc5b2bd2e3cba07383a115db27fb5ff8543f8db4,6,252824|253427|253425
cross_project,6,BIRT|CDT|EQUINOX|MYLYN|PLATFORM|TPTP,f0f2cb956313d8c50aaa43519a1e63d6a3e3ccfd563f5b120ac0a7a24367088a,6,252832|253602|253600
cross_project,6,BIRT|CDT|EQUINOX|MYLYN|PLATFORM|TPTP,f9ef32f4bce84d336de75324c22f36a101136528ce4e2518f41f7862b89298cb,6,252844|254258|254256
cross_project,4,BIRT|CDT|EQUINOX|TPTP,7e0d58275c302a344c409f291c3939d273eab07d76de2b0a4780087d5a542e37,4,254815|254387|254380
cross_project,4,BIRT|CDT|EQUINOX|TPTP,90879d35b39085461a1c7130b9783efd50a09d1247c7107cf6079ea435e0e395,4,252847|254333|254326
cross_project,5,BIRT|CDT|MYLYN|PLATFORM|TPTP,132628c3d3d05a9447bfa7c9f1d795a9e01da8fc003f6da9c02dc8476c9f6395,5,252822|253402|253398
cross_project,3,BIRT|CDT|TPTP,fcef6c5598002cf725beb35bc68d03fc707dc47908882a58297f473d39597031,3,252848|254365|254363
cross_project,3,BIRT|JDT|PLATFORM,1bfdd471504b279c21eaec6babf6f607d48862ad79eb374a3978add87bfd000e,3,211947|113217|110105
cross_project,2,BIRT|PLATFORM,13014259d6aa851be67b718110b5617fc94db9b8da51eb61a5a2b0144df0b09d,2,252842|254182
cross_project,4,CDT|EQUINOX|MYLYN|TPTP,658f5b35f0b3ce130010b3579d2c79d6dd79c4b8dbe42df0636be34550734caf,4,254202|254200|254193
cross_project,2,CDT|JDT,817395a7fa77148cdef32444516c1ba881089331e6a6c7f25c4e0aab91c34c27,2,60019|60021
cross_project,2,CDT|MYLYN,9068092792da2f2d979b6a32f0eb859719bcedb2f329736a801d7dca6dbb3bbb,3,199681|460686|394528
cross_project,2,CDT|PDE,36c4d334d68fbf1e61facf2b4611fd82d4a8a3668261cbc53acc294cfa8ca5b1,2,576600|576598
cross_project,2,CDT|PLATFORM,3bb38c9f52b5863315c57e8d4b0693cb5098d6813f55046a5c86854393648026,2,533841|539533
cross_project,2,CDT|PLATFORM,93dd83ac2df37da4328a37925428adc2d76dda5f08ad05015453545db8c7dce9,2,558565|558564
cross_project,2,CDT|PLATFORM,9c5d55eb5f26d051efad9b4f1ea7bb7fb12b11345b23f310141e39452c6a71c5,2,175247|175246
cross_project,2,CDT|PLATFORM,c3fb13016af1a4f4efba26d24a3f2f92fd01f1951731bc42041744fc8540927f,2,60009|60016
cross_project,2,EQUINOX|JDT,62e555715714a42a2ed64172c5cfc43cb244931e393e0651fc2ee247cc4bd9dd,2,40947|40949
cross_project,6,EQUINOX|JDT|MYLYN|PDE|PLATFORM|TPTP,57137c448241b929c1ca31acb5a3e089b59aed120111ef929e45e0fc41795769,22,206730|207811|315295
cross_project,4,EQUINOX|JDT|PDE|PLATFORM,317bac93e75c34bb3d2443a7fb6667a7b001b9e7de59f5858722c548c8d018bd,14,140862|140870|140874
cross_project,3,EQUINOX|JDT|PLATFORM,e65562fa628b488450dff91e22dc7cf1000fcaaca2fe679093f1468598ad2360,10,414252|414239|414240
cross_project,3,EQUINOX|JDT|PLATFORM,0010823d206fa9fe864fdf11ba4408e0f319b8af52b06cfa6e8d6c496ce1c4e6,4,427373|427372|427375
cross_project,2,EQUINOX|PDE,131de2fcdf933e23f9aa1b76dd2c30745aa8d852a4bcbce47c0080651dc318c1,2,483927|483930
cross_project,3,EQUINOX|PDE|PLATFORM,1a2b9a688a4c5c13d4c5d473dbe54129133a464d301d226b4702fbd3ceeb2e4f,6,518574|530018|553294
cross_project,3,EQUINOX|PDE|PLATFORM,23f695a14f6c22b2bc21598264383940eaba0e6197695e0ce4fcc8aea178f934,3,550052|550049|550048
cross_project,2,EQUINOX|PLATFORM,5ccbc3c5b4d595fe4491857df7fe55f6bf1f280fa7fab08b6c0b631b8ab347ef,6,134973|134974|134980
cross_project,2,EQUINOX|PLATFORM,1bee5fb9d49257b9d599fd4dff30e25a7efbdcdb0097cbb7e16814becbb82a99,4,533758|533751|533755
cross_project,2,EQUINOX|PLATFORM,bd4f48f2e24e2447e183fea55b9ea5901dde5a3f574b186878d8f5344ae78572,3,53109|53110|53111
cross_project,2,EQUINOX|PLATFORM,c88ef47fd6dded1785ad3ced25fd5de84b5fe3ec610229b9c54cac39e5c70554,3,578952|578950|578951
cross_project,2,EQUINOX|PLATFORM,1e3d62b536b8eaee9f96931d9155932d31416649b1e40c4b23125714bfc147ad,2,412366|412365
cross_project,2,EQUINOX|PLATFORM,39cd024d26b8c3f8839f1c2f1ae4b14ebd68d4912320ab0244fc6a729de596eb,2,197776|197777
cross_project,2,EQUINOX|PLATFORM,5b79889693006abfd9e735e2d59f7f7583e0ed2d9033ee61e655d6c4f69d9b00,2,195142|195143
cross_project,2,EQUINOX|PLATFORM,a90c351896bc1e48dd5e5b9b97181a85268dff5d8ba334e2e108e7390f0e33d3,2,133399|133398
cross_project,2,EQUINOX|PLATFORM,cd88a210be70c678b417899605d9c231c1e0523232231084bdbbb5ae24cfb0a7,2,560221|560220
cross_project,2,EQUINOX|PLATFORM,d1b9a6f14d3e2bfc1c3d1002d6fca587369a6d440e362468ba2bc5d574a5d84e,2,158920|158922
cross_project,2,EQUINOX|PLATFORM,dde895e8bffa7407a2df4f2f164668d70ffb233d904bb8d952ffddd8f57e3458,2,63705|63707
cross_project,2,EQUINOX|PLATFORM,e5a402645fcd53fcf0e44fd94c4eb40894043f785999d014fcf934e92ad24b19,2,159741|159814
cross_project,2,EQUINOX|PLATFORM,f05af83c8ec8c8df6c61132d2d3508084260fd897d375edfd7252175ce6f8b06,2,207793|233572
cross_project,3,JDT|MYLYN|PLATFORM,ceb73749c899693706ede1e30c9929b3fd5dd926163831c2fb8bd41e6efb1126,4,401972|430435|458292
cross_project,2,JDT|PDE,0cb8982f4c0de231cff8bf2111356225fa977bfcb4944aea3818e96bfc689eff,2,237377|237374
cross_project,2,JDT|PDE,2e4749ca144b9cc00c8a4ed994b1e96e71d9bae91c37d02e711e50436c032550,2,575475|575478
cross_project,2,JDT|PDE,4128ee1dd2e15d811876110cc140ce26cfd6f4f558cd192c2aa727f4af4c693f,2,269845|269846
cross_project,2,JDT|PDE,52b5ac71613cbd1a6256ad6c1047fa50f40c4436badd3f5b4a7df24e4935ff12,2,406964|406963
cross_project,2,JDT|PDE,596f7c22b611ed7f8d42cf171d60bf7da95f47188f62f7d1439d5b74ce3079b6,2,115013|115008
cross_project,2,JDT|PDE,b132d505fce2ba4a368edb2f0dc7524e426d98d965f29f91b691081c23f463c7,2,171422|171425
cross_project,2,JDT|PDE,ff13cd130168a42d8896180f447dd4b118517e1a506f2783365374b177b793fd,2,112418|112419
cross_project,3,JDT|PDE|PLATFORM,b76a6f076881bfdcff0699804301f5c84f53c9eb75f8b5b20709487a210f4481,8,78867|78866|78868
cross_project,3,JDT|PDE|PLATFORM,b1649ba0ef061838f691f81d1ba0823f8d8c006911981d9240a8e639c3d6b030,7,411164|411161|411162
cross_project,3,JDT|PDE|PLATFORM,5dcce60b83773683cabef2c2a3e4f1c851bb6aae738ddf76e00d8da0f78ca55e,6,157086|157087|157091
cross_project,3,JDT|PDE|PLATFORM,7eaf708b86d8243b639601308374d8424cc5fc8ea285710108474716b262486b,6,460359|460416|460418
cross_project,3,JDT|PDE|PLATFORM,be6d5ef8c05258a3eaa09f0b7046f1e08d3d29ef4af3b5f6fa4ca96cd6dcb5ca,4,155795|155796|155793
cross_project,3,JDT|PDE|PLATFORM,2316273c9a8861d6d52470f2fc4ed3bd96486d7ad7890e3f3d4882abd4a00abb,3,516354|516356|516355
cross_project,3,JDT|PDE|PLATFORM,39230226bd55cced8127f89a69c4bca40d60f38f47367c817cf3e519ef7eef8e,3,82818|82817|82816
cross_project,3,JDT|PDE|PLATFORM,b6b92a9ff6702f3a7f6043c2c5e5afbcfae94f45c36f2c956289284ba9bebe68,3,29233|29234|29232
cross_project,2,JDT|PLATFORM,b0e9213a0d09c4982fe4cded1695b24a57ae7191d8b7c32a9a216cdc8e5f181f,6,188044|188032|188034
cross_project,2,JDT|PLATFORM,caba37f3fa12c2ea3723408fce00b4ee6392c42536b2e7756c4aacd763bd9d53,5,21615|23450|44880
cross_project,2,JDT|PLATFORM,8cd75c8d7024f0b74cdb7b37c91bdf422213ed5e7eca135c2422aa42e3a2b87e,4,96774|96765|96770
cross_project,2,JDT|PLATFORM,f3f05c7c6c1fca85247319707689776a3e8ffccaf171dd757cfe0bec9908a9f7,4,27406|27405|27404
cross_project,2,JDT|PLATFORM,00ce7e58c0fa16373038f4f29f0c0cc0755fe20abdbd25fd8f0707f57c645ffa,3,161523|161526|161532
cross_project,2,JDT|PLATFORM,39475a6774bb77ae602dfbedc7660c2778372df1a2a4e20b33ecbcf67ae43991,3,225097|225096|225095
cross_project,2,JDT|PLATFORM,580e3ba05f7f8781102da3c4485c89bd3aced503bd83bd9a7ea52c2b92fb4e1e,3,203148|203150|203147
cross_project,2,JDT|PLATFORM,9d0aa1b7a15339a078d0fcde2a01414752d88d5a0e42051bc7fc15d7d4807948,3,66121|66115|66111
cross_project,2,JDT|PLATFORM,ba7c78ba2145b0e40cf20a9c5dd027036421a52b9c0b70b41bbeb79632b70f20,3,66125|66123|66124
cross_project,2,JDT|PLATFORM,cd16b0fae80cf06bcf5a3441275cbdfa52fab1c06d1b50288091d3ccbc749dba,3,165805|165813|165821
cross_project,2,JDT|PLATFORM,dd608963eea1d5a72a2d8a6b5d21b990c3e82ecfc5bcc69e57f9dd94222422e6,3,486156|486157|486158
cross_project,2,JDT|PLATFORM,dd63b945ce3656eac52f5a1d1791b741b187c34b5c595a8522ac2ac1f77f3aa6,3,33094|33095|33030
cross_project,2,JDT|PLATFORM,fd22fdc4c53a18931ac2275ddfc742a0182dec8cfd11521fafdcedb90b859b98,3,102606|102609|102613
cross_project,2,JDT|PLATFORM,02e0c83996112f110528c6b763cf9336d3d5ad09f3c56662e601cb9d034a4f83,2,326254|326255
cross_project,2,JDT|PLATFORM,0e5a82e05906e24850df282af3296ff57c04fed7eabcd580cfd63fd1a5567527,2,12392|12393
cross_project,2,JDT|PLATFORM,127c09543f5e506eb2087f4212a8d480390d924713cac04182f8acdc2728b81a,2,190036|190038
cross_project,2,JDT|PLATFORM,15da1fe6f6de3b33cf418809c37abd7cafb1ff6330f7f02dee556d4434023c41,2,45891|45887
cross_project,2,JDT|PLATFORM,20fb68bbaf7f5f649a2b2ba49bf673cfa2631e4460ac400abce934576789ea78,2,409455|409456
cross_project,2,JDT|PLATFORM,24d99c44bd7496790fec97cd5699e5867205dbd845522fefc0f8f34135f230fe,2,116972|116970
cross_project,2,JDT|PLATFORM,255f1d868992db47037b8ebda4c7f2d3fc9baf0bb9449a596cdc4c66d5605996,2,73578|73631
cross_project,2,JDT|PLATFORM,357c2320b43a6c0482a5da2f108e4de667fbf36fcb00d4a8a8c1e7b47f914dd7,2,424784|429938
cross_project,2,JDT|PLATFORM,3b64e2add91c85370fc9ce68796efb5eb9a8340414d1a9b3d63e65f2c063836d,2,522251|522250
cross_project,2,JDT|PLATFORM,5b6eadfbd3da09c05c1c7ab5df21df1e40b84ed631b7265e9ab104615f5dd376,2,474073|474070
cross_project,2,JDT|PLATFORM,5c7ac1afc0aaa66791298c7cc257c71017961a75cff0e71ce3945f2b247b9efa,2,416914|417025
cross_project,2,JDT|PLATFORM,5de3df3b579241c498c6daa54b22015377a03a72171029bc5744d553401eb893,2,51932|51933
cross_project,2,JDT|PLATFORM,5fdb2fcf213410c642fce1b7a3e68f92be8e9039e7ef075979ff72d7d18f3848,2,281306|281307
cross_project,2,JDT|PLATFORM,6796ecb9f7c8531227f8344b1b36ff8651dc9e81288782ca7f6965c74da92afc,2,552427|552423
cross_project,2,JDT|PLATFORM,691ed10b7f718f07d9c0abd6a392bcc0596e332de14da696c8c6ef1b54bffb42,2,552171|552106
cross_project,2,JDT|PLATFORM,70730606461bb8aa7b02bb75c9704e2263f4224416dbedc3d6cce2c30b3ddadf,2,513789|513788
cross_project,2,JDT|PLATFORM,7100ab904fa05e3a9dcdebf12794b736e39a4111a5ac03d245ca870088185b12,2,129109|129110
cross_project,2,JDT|PLATFORM,7e4128da16935768909c91c0e28e460203c91f6fc63897f9525cbae4d52c96c5,2,65983|65975
cross_project,2,JDT|PLATFORM,8d0afd4a66b32a096b93bc7bff0fcab0dbd347280e5fe64ecfd9cf13087a5170,2,396681|396680
cross_project,2,JDT|PLATFORM,8e6751a1dcde98024dd43d96aecd6fec5569455bac333e29255ebbbadfefc53a,2,52868|52870
cross_project,2,JDT|PLATFORM,a000d880d8a60f4b2c08a62c2786e6a9d4d567ad1666920f8c6339c3f132b012,2,392016|392017
cross_project,2,JDT|PLATFORM,a09dca4c82d32775f47bfdd3585f6905ca700f33f10d10fa9330365c1c7cee0c,2,497824|497823
cross_project,2,JDT|PLATFORM,a6e5ea5d3745076fc48e989d2970c3affd1b7e3ac2d190273ba91dfa47684c9e,2,25933|25934
cross_project,2,JDT|PLATFORM,a7758f679b8953a75166a5dd23b93797301a2c55eb333a58160a76f13497369d,2,68462|68471
cross_project,2,JDT|PLATFORM,b5d8d0efd9139f4f156cdbb225f933f1299254ebcffb038e99d4d916f5a81e11,2,23071|23064
cross_project,2,JDT|PLATFORM,b61ac96ee5218c7a872fcbfb2969c060f2f0dbe8dd0828863a24acd496835201,2,10047|10024
cross_project,2,JDT|PLATFORM,c7e6d1be11629f74c4c9ca15186a33bcbea5ccf52dbb99a8b3069759ade09d90,2,577840|577841
cross_project,2,JDT|PLATFORM,d3985760c5e118414ebe792cf23d831bf036600c2d571421f2037c9ecf633839,2,99578|99581
cross_project,2,JDT|PLATFORM,dd224636bb100f570a446f24cbf55afd3562a951d33741506792d668db9f05b1,2,220570|220571
cross_project,2,JDT|PLATFORM,ec72076098d0acb527a6c3efb1563094963af3d97e4b187f971a83d4fa044160,2,123017|122826
cross_project,2,JDT|PLATFORM,ec9d7382d95bfe767cc67f341ec160c26899692386267503aeae044cf4593c22,2,90725|90726
cross_project,2,JDT|PLATFORM,f610c21e693e0df7f96a607e693da0f0ea9134fe0d0b2543b3dbca2409057a17,2,183453|183452
cross_project,2,JDT|PLATFORM,ffc74e999366eb8de248f6344e4d08a33d6420bfa2fd7304aaf43f8c208a1364,2,25680|26305
cross_project,2,MYLYN|PLATFORM,7270665cf2fa8a7baad36e75f59690ee06cd537f263ef3319b0835ed68760d3e,3,266930|477633|290023
cross_project,2,MYLYN|PLATFORM,5eb7f499a386add14433112de7c7f2e10259bc52165c747d9d7cefbe4e2ba433,2,401363|401362
cross_project,2,MYLYN|PLATFORM,7924e8d3e218dfee782dbadc354b283cc11011154f1d35431af1c7c5eaca3037,2,538255|107832
cross_project,2,PDE|PLATFORM,c3747bd31a6f50ae10459290d837dbe39d3ad393193cb6b70652237bd92d446e,10,93937|93924|93936
cross_project,2,PDE|PLATFORM,d5852501c389594b66baa885c1ac7c8ccc18358db6af1fd226353256625e7d62,3,256745|256742|256741
cross_project,2,PDE|PLATFORM,e75f5a71e974f738de7fb29ecafb8072554c66a1e3074e59409b6f1e4615ca83,3,463361|429411|459374
cross_project,2,PDE|PLATFORM,0edb8921f68cbf02a2fc7353988a376ec5c9b84731e88f20277a31be69f5e3ff,2,538955|538954
cross_project,2,PDE|PLATFORM,144805722b23d9b39813fe68459fcd8b878b8b359e4d74526af724e89c9817f6,2,177590|177581
cross_project,2,PDE|PLATFORM,4666b05e12594511ea5ec092457dcacfaa63a52542efd5cc3fa1da334be0c886,2,211600|211601
cross_project,2,PDE|PLATFORM,4676269a7450544e9c97dae17359019401ef78d852941acd1ca9e9506f3b390d,2,550585|550586
cross_project,2,PDE|PLATFORM,4b72aded0d15f08133baf315db345643e43b076a7eed0ac0359637c521146488,2,190174|190169
cross_project,2,PDE|PLATFORM,4ef8722cb4f559e8cb16b1c3d37baec1b4a0dab03cc09dff7bfe438540ea18fc,2,219577|219576
cross_project,2,PDE|PLATFORM,5550c2e3e4197cb1ecdc47a92f90e051b5dc12845cc75beeb86c847b15ba554e,2,256298|256299
cross_project,2,PDE|PLATFORM,74c6cd90c2b4c2755d6ac94fea159ade588838938339c1b2bef587525716ed03,2,102208|102207
cross_project,2,PDE|PLATFORM,90dcefd9e220b9565ccc0574592b18d633588007d5c61583a69dd4fbc39e70f4,2,572276|573965
cross_project,2,PDE|PLATFORM,9439a77dc51284d6613623d3a30423a1559e0f5bacfff65a79dd4a1e923bb830,2,84767|84768
cross_project,2,PDE|PLATFORM,9e7fe421dc7ad5ea7e6a04579986e59635dc765429f86b36c02e9c57ad0d7875,2,552020|552021
cross_project,2,PDE|PLATFORM,a86279da31c93abaf1ac3e8ee201639dc4999c7ca2c45e7ec178b8c126eecf44,2,528131|528133
cross_project,2,PDE|PLATFORM,ad031e32bdc7100aa32d4d4179ea0682bb3589e55895ffaf212b876e9ad6b7e0,2,140845|140849
cross_project,2,PDE|PLATFORM,b4a436a7a5eea6bf59789b9bb41b66c688613fbfb864b7324a5da30d91548923,2,66540|66567
cross_project,2,PDE|PLATFORM,c27d02852572aa9e4c494de7712f77fcc3c4e9993e78a32efe7bbf112bbb10e2,2,33622|32745
cross_project,2,PDE|PLATFORM,d31585b8249fd7306fcafa3c762f9eb7b3b3c14dcf6b4f05104e51886a741d2c,2,193950|193965
cross_project,2,PDE|PLATFORM,f7bf1bde02a28bdccb8ad0bbe16209791a248540b54de0a097ded42c94268569,2,332335|332334
within_project,1,BIRT,9325ebce848dccbd96d310b8a8c342dc0f75e988324d3546e6c284704c75089a,8,129033|129040|129078
within_project,1,BIRT,3780b4d072119c4def759c6dfd481bb7e6c7cbb07313908d25c1cc42fe23319d,5,220703|220704|220705
within_project,1,BIRT,53b3966e069e30fb9a2175fa068e04d14efe51edda9cbe0bcd80b1a77694530e,5,120328|120339|120341
within_project,1,BIRT,e1fd145962cc8ce533be43723d53e6f06eb0ddf392ee30aa4acbf155e08b336b,5,116588|116589|116590
within_project,1,BIRT,4bff324bcb18e391f781e5282ceb0d2cc70fabed97a93fd606960a75c73c71bd,4,134557|134558|134559
within_project,1,BIRT,5696ae6c5fd2d0290a91b015a1af5bfb38b6588bab1bc22bb6752b1a094fa667,4,152030|152031|152032
within_project,1,BIRT,14d51de6e7d289452e1529e4afd4016a9fb7c9267933dbf82a690faf4c84925b,3,267785|267787|267784
within_project,1,BIRT,169c04e489e5ba2889a2432e2153fa0da334caebd7738869dd259a965141f506,3,199888|199891|199890
within_project,1,BIRT,1d9e197d20d3f104ca73a6bf3b171e39729472c08e39a9a8d9b4ec13aa2f805c,3,307108|307106|307107
within_project,1,BIRT,1e7f0745f1335a047fc0938177615252f2ef8f63d1194b7e31177bd79624efc3,3,149145|149277|149278
within_project,1,BIRT,2b60521246c592cb7eadbaf5001911650047589c647c576392acf7b29c8855fa,3,116576|116578|116579
within_project,1,BIRT,577541630726715e8d0da843494524389872b3924bfb9213e50a7aa376b850c4,3,133155|133167|133143
within_project,1,BIRT,925170a457000084e793fd448820c9e1c8594c101c6545b2cac2804cf102278a,3,128001|128002|128004
within_project,1,BIRT,97719bfcea3bd2e764c4865ad6f0f817affa530ec9e90379dd4d521ab94b4926,3,146972|146974|146975
within_project,1,BIRT,a30270fcba005bc9319ad39f31140b745175e0575a42587987bbf841720d5806,3,223601|223602|223600
within_project,1,BIRT,aa25d0c07de0b6299feb686329f63d4a58ffa20e867605b3659d49af2980bbc5,3,150927|150959|150917
within_project,1,BIRT,ea265ee86ce37f616fcfa29711f6436d233b4eace78d7636486089720a0ad7aa,3,161176|161177|161174
within_project,1,BIRT,f095f375bbddc6f693f7fffd349f855c04a9880294468270b1c70aefa3df65bb,3,121007|121003|121004
within_project,1,BIRT,fbd03c275b8459c5928daf869490c2f6750a18d122d536e2df58d274fa220964,3,148780|148777|148779
within_project,1,BIRT,0370542f84602b67d4251868f64e4f877547ef89a69a8400b6bcc4cacbd909fd,2,168154|168155
within_project,1,BIRT,037ab2ef503b7af0c769b389d8c54f4f43c26768f49e7c3df66dd855b30b49a2,2,192020|192024
within_project,1,BIRT,050a4616b3c1201218be411dab5fdeb0c3ba7637e62b0476d6a8b853441b096f,2,121832|121827
within_project,1,BIRT,059d3e31593611f0316c08bf913e3aa2af4df64ad72e818a68a378b022245612,2,166913|166912
within_project,1,BIRT,0a0eb7fa97c87efc71c8a392409aad86718c01f87062ff22bfbeea5025bde459,2,132928|132927
within_project,1,BIRT,0b85be5d23e9a3d3d8cff3b50bc6591a9ad3845b668e3910a43fb230b4a549a4,2,121021|121020
within_project,1,BIRT,0b9b83babc7a3c4fdec873038fb0f4e98bfcd09e0b2e3bc1f669550a8a47e8e5,2,144848|144847
within_project,1,BIRT,0d1dcf1fad9a14d4b0782035f44c27a33c44a04318297ea463a4fd85b9520088,2,156841|156481
within_project,1,BIRT,0e1b3e99417bd481c17a7d881da8ad115fc878a60337aab6eeb990d476d9371b,2,156958|156961
within_project,1,BIRT,0ed2da04d046e5290c50e4664151445d9c05a314b477cdcd3df47510acf3dda9,2,171512|171629
within_project,1,BIRT,11d241a024dd1ea341253d0d1ccc476c56f46bcc145cb98158d6f77334a433e8,2,126070|126073
within_project,1,BIRT,1a57f9dba3ec4ef9455e88c007fdae607754344815be883b2ce407a1dd7915c6,2,122711|122710
within_project,1,BIRT,1d7d4828803cf1b6c9cd4cab87f275dd251d4f01e18cde24262e0239f9712679,2,152831|152830
within_project,1,BIRT,1ec35f781b3623d3feb809f0104f61db73610fcacb0df72a166e589f6845916f,2,161072|161069
within_project,1,BIRT,24a052b2f91e2880f3bdac4fa83a3c363525bcf220bf68649e960c48861890cc,2,128466|128465
within_project,1,BIRT,27f731ccc9907dde0f4a70b91a2f9650f02bce76bc90ca7de18e4ac46aa88be0,2,400954|400953
within_project,1,BIRT,293d7b0cc7efc4c29e910b290ba5f4232cbf002853dcc43af34b585ecd61d97f,2,165415|165416
within_project,1,BIRT,2be6d2eee81f6f8722372d89913cf75f49b3699031c39196a9b6761ce4e16f4b,2,213887|213889
within_project,1,BIRT,2c57f2784aba9d5db4c4c8835ff75e4ce742b191445a9ed9663b93162f7a022d,2,132787|132791
within_project,1,BIRT,2d99a0f4aadb95b174d97dfed756d51c143ef4b8a9ecac857d7d337528b3731f,2,132626|132632
within_project,1,BIRT,30b6c8b6fc40b9cd9ae4258d47541e5919c07721d049fd0641b395ca86f2cb8e,2,191185|191188
within_project,1,BIRT,355e140df3982a5277d834ee41e6f4db0ffac546057e42d58b096272ab254f8d,2,143375|143380
within_project,1,BIRT,35babbaeed1a51407394c76e9e51737a9975fffd343cd0327d8dde2767ff69d9,2,186308|186309
within_project,1,BIRT,3f44176c29af9b84c6cc290cc738f249b26e35a09bfe4ee70d1a01a15d10f733,2,170422|170423
within_project,1,BIRT,41e3f41109733317dca955ac5d81ea02b4e4d1f0dc5efe9326ae6aaac5c01fd9,2,133788|133790
within_project,1,BIRT,451c13b4d94d7994b8875c2d53a6f60964b13e2d9ebdce6bc9b8fbe2e18ec136,2,184410|184335
within_project,1,BIRT,473cca65d12849a2e649186beb37804288e840f1600370fcbc086a4f4836eafd,2,105454|105457
within_project,1,BIRT,5064359a2111fef8ae5f062495a2ed16f916856aef49cda5e875d6c53245e1df,2,168504|168505
within_project,1,BIRT,506c268e64cf146973991ea3b0214da54e5199699dfa79d35b3f29cce4ae9ed6,2,192629|192627
within_project,1,BIRT,512b9a5fe8c8017b8e6b0a31ba1b297299085ad0ea33b1e459cbb358ede001ff,2,155951|155950
within_project,1,BIRT,5284805b3494ef7d9757d63e3784226426d361271f1f2931e166057cff25bb55,2,153712|153713
within_project,1,BIRT,5a4c8bafb4cbfb6687b7c543b85de704b7165fadc65f2f48213ac4c16a7cbc52,2,170479|170480
within_project,1,BIRT,5c8f4c9f8b87fbed1291ac5d349a7bf4271861c963e8082d018375a30d439e7c,2,147628|147632
within_project,1,BIRT,5db1a587964de8e9960a5df9fd5b6dd0a8dac7d8a8cef6250e2f1a927ba372c9,2,133461|133462
within_project,1,BIRT,607fba3274b501ca035d67645579519b5f8f2d3511bba8320b084daa9ce8f5bc,2,174764|174763
within_project,1,BIRT,619d88c004585fc4583339935b72291ef8e1d158db150c53293137682873dd23,2,123549|123550
within_project,1,BIRT,61faf4ced34b96e99e2667247144a18384f7401e1c458d0afba5807274a09e21,2,163271|163270
within_project,1,BIRT,646dcfa11d63220cb03c3b0ef3e8b3c577339ee9efaae3d83f49e0d50adee044,2,167556|167557
within_project,1,BIRT,655254560ff1c7d5d600dd406e5dde8c8ff3ec0cf5c34638d1eaed9413812418,2,146180|146181
within_project,1,BIRT,6556d9e396785821f1cb118870c5404465dfc631317d998cec51e1e620369ef7,2,153731|153730
within_project,1,BIRT,666e9b4567e7581bed30c825efcef0d0d22875ab0d9129cc0c0f309a75d0cdbc,2,160790|160791
within_project,1,BIRT,6a6acaec86164f5f7241b6599f84133f10639dac0a7bc643499ccfbc7afa6665,2,142164|142161
within_project,1,BIRT,6a72c9b475f33678ca5164321e611c8c2b0a302c51acd26d23ffe0fc137c7a3f,2,186734|186738
within_project,1,BIRT,6b6637f2901fd751fbc8449f62f0b6f39cd5a2bc5d6b23ab75eca67f881befd2,2,113043|113044
within_project,1,BIRT,6e05b2340381b42cf6f9d60a1e94dca1402f1b6fb0b64d01254a8feadd659912,2,145268|145263
within_project,1,BIRT,6fc08b74be733db0c71a0878158421f3397837b40e6d99a1f0aecc57c7774518,2,109268|109271
within_project,1,BIRT,71a925b3df2f412d0235e750f5bf638ac370561ff0dd3983ae80f0b9f3d47306,2,190403|190412
within_project,1,BIRT,7482935fc8ef3b8dc6b4f10885761785adacf9694bcc21dc4a4e49153ee5b758,2,250224|250223
within_project,1,BIRT,74ce533cdee81cd8e49a3b5a4188ee718c64952afa73fcdaa7f6efe757e968c4,2,147575|147576
within_project,1,BIRT,7702868f0856bceedd700aad83a05fccab547174233f20ef8cf4f20320edc172,2,150832|150811
within_project,1,BIRT,77721e6307268d8162752455a8eb861c7b1605b9e08776a31da4aeb1eba04be4,2,165749|165750
within_project,1,BIRT,77c42f005d9957243cd8cbf3c8717e66eb2e297adb0c4c7c19de351fc2ecaa6c,2,103286|103285
within_project,1,BIRT,77d3c1ff28f8984c98d6e538ae1a184e718ee0afd07caabb168db4b96bc312ea,2,236565|236566
within_project,1,BIRT,7a5bb159c6cddcd1ce163c95b6277c7396ab718c79e7882a00169c6c5d32202a,2,146980|146981
within_project,1,BIRT,7a91cd90ee84b0250af38af525610b4a0d7e574abdccf45f2d51acb973cbb75f,2,119565|119564
within_project,1,BIRT,7bbd936d802898626d918d5419d42c97625772b0d03e18f40af6ce7c81c9ebca,2,132624|132625
within_project,1,BIRT,7e055742a81123e7c24f0cf69d1eb6d95e2823236e29aa2122773eda70d7bfaa,2,192356|192355
within_project,1,BIRT,7e82c11c02a9b2edc48157a3582f005f4531ed2b50cc07d6c7052cf29f1ecac7,2,304609|304610
within_project,1,BIRT,813f00e54c6e1fdc7cc5f87bcd033adda3f9a3426fc4bea05b99c8a5054bb97c,2,91845|91748
within_project,1,BIRT,82056986a8e2c25c5b0fbf10a2f5a3aec7c228d2ae0fc809edc9385c9491ec3a,2,134999|134998
within_project,1,BIRT,829e4239430844c1cd93663ba36396aeb6958cadb6022024649b6cefb2244464,2,141064|141063
within_project,1,BIRT,88b4c8578bbefd12c45aa9563dbe75c75190ac659e43cf149aec5bb5de2756cc,2,147643|155672
within_project,1,BIRT,8a985a503168b1239417111c856153739154cced93a808ef45c540e11ff2f68c,2,131276|131302
within_project,1,BIRT,8d2b4f4958a1bd34b00842df85366d17ba0ae1f368f9eae731d4d148eeca069f,2,176685|176684
within_project,1,BIRT,8e7e869eff7d2845a772eb7189fede7120948dca3191024f590a807fecccef2d,2,116167|115975
within_project,1,BIRT,9010185611d3f825d3e715dad82d9f71bd39a5b7127a0385275cd9827b88ac78,2,151370|151369
within_project,1,BIRT,91c1b05d4eb9e2e940ce4ad0ea645e17a3d3822f52dfdf2fdcff8ed3f60c8c49,2,183904|183900
within_project,1,BIRT,9389b18f86b5a81ee719d33a0ad94d65d2662c96673967eb22d4927e9cfc21f4,2,119399|119398
within_project,1,BIRT,95e7919fef689f1dbf834b77eb690933f930b67f696f354b472fc67bd4d54c10,2,155948|155947
within_project,1,BIRT,99900e41be5b196638f0908a5053e762671ed457660ff0958a0eef30d3e0343c,2,126953|126954
within_project,1,BIRT,9ba94ba58c9e34aef30e746b6bc462b47a0729f0d807b247b01b660397fb56e0,2,123924|123925
within_project,1,BIRT,9ea443e27e685630534bb2842ca66f460733e5705081b7d190bebb0ce4c82daf,2,170872|170873
within_project,1,BIRT,9ef1b0189075fc9a3e334de79252d082e018cda18ba684f2640d9fc32c26a8f8,2,137447|137448
within_project,1,BIRT,a09f3f811b21e560a814716bda85fecb04130b72d9b08331e3173fc1589ec2c5,2,195872|195873
within_project,1,BIRT,a166b1dbcf8940aab4a32238a51682059d0bb0b4d7998b893903a2edf403c934,2,532764|532763
within_project,1,BIRT,a21ded004cf902057b5c6f7c42bb204bdc4fda0032f15d2de50cac11c323b893,2,243125|243126
within_project,1,BIRT,a39a6f43d0c13e33e28f6ed23a2f4a6b01fa175555bb38f04753ff89dc6a077d,2,279568|232218
within_project,1,BIRT,a4f4c5bb02ee30e5158f7fd1a9db2612e686295a48f49a2fb4f7fd8707656ef4,2,177902|177903
within_project,1,BIRT,a8996ab8d18c2f0407b2965b020cfff242caab1f5b360692bfb019ba146045e6,2,148009|148013
within_project,1,BIRT,a92634b251786d014957890f8b385e4d626afa3ba2caad3752f078a17b4d7201,2,128675|128674
within_project,1,BIRT,a9652d9e62e22b721b871bd1321f1839d79eeb830dd77412dfa6088ea6b40c7e,2,142436|142434
within_project,1,BIRT,afd3d93426f2e355f9786063778360e9c8167eba0e9b88ab4bf5507461c846b0,2,158715|158706
within_project,1,BIRT,b0a9471ad80efcac9d78b36de7b5bf0477f9dd937e960584504ace83fed1b299,2,105269|105266
within_project,1,BIRT,b0def1c8680107b061fb8f4aff5459b4307adb45a56295ec9cd0a8b04b32a8d9,2,96923|96922
within_project,1,BIRT,b193034ea8e7b227bfd6b484bd3c327168e37fabdc3b44e705384893b16c67f7,2,125595|125596
within_project,1,BIRT,b3bdbcd7482c59919d37b4a575cd1edd46b72bbbae979e160126946495659a86,2,183929|183921
within_project,1,BIRT,b3e0ee4f4d407219aa557e7fe049ce45af966474724b590a51c821936dd8ba0a,2,164798|164799
within_project,1,BIRT,b3f648bd372b29a5af262b12204e6c4f508f86cd7004e960a2d9daa5312641e9,2,109309|109297
within_project,1,BIRT,b8d5f482f9eee82dc6a29f5731f21a291c3f811efd1631f769391974f5d2d51a,2,121716|121714
within_project,1,BIRT,babbcd544507a4ca03a6beba3a42b77d230a1d474b24d4f857fe496e466a5244,2,213667|213666
within_project,1,BIRT,be5c01501d07e55ff08fdf606db3f9ee05e01dc1501a2cfd55fd095ef9396153,2,121009|121008
within_project,1,BIRT,be9da31f4d94a1b702a550cdff336d867243ead43538f4967675e869acc77f5a,2,165630|165629
within_project,1,BIRT,c0f7380acd894d766312a728db60cacd9cddcad8acf0fc400c72cbc390a23539,2,186934|186933
within_project,1,BIRT,c29709d4d02b11174ee3c03ed58b478646fe97e36a3216f9febb76ee79c70d51,2,416396|416397
within_project,1,BIRT,c89726c1d6151c4f80a04c4aec375e418bf14490d27549e8bed67c6daacf84f9,2,234888|234893
within_project,1,BIRT,c9e9541ef581401c580b28a2e73427450ad1a7cdc5998eb2d1f8711f52183870,2,146380|146379
within_project,1,BIRT,cb06070864c1f746f5543e9e0e925ca65817e76b16e4bfc3510cada2d21d3aec,2,154220|154219
within_project,1,BIRT,cf8fac1081fef1988737d37a9e006f11121b5141ba34c6383c8e147f9cab95ec,2,158131|158071
within_project,1,BIRT,d13e368692b03ddeae9e104628f0c2197795f8df990b3b5ea347dcd22fc18e8b,2,169933|169928
within_project,1,BIRT,d1bf72d98eb44080f3b3d3fb081b2adf3b3664604e0f6ebbaba0311bbceb26d7,2,131196|131089
within_project,1,BIRT,da8c538125340a7a02beb5f25dca673b9bed98619c175dd25128a1c67e2381c2,2,156914|156912
within_project,1,BIRT,dc77638453cc733c952297cb7a34404301916911e7b32504c223ed6f69c5d531,2,265122|265124
within_project,1,BIRT,dd6234016fa345673dc36a9ecce3b424438f8409b5b93bf0a4d083a9afaa48d8,2,150800|150738
within_project,1,BIRT,e02602d0bbd92e6a8bb3a1ce7132fbd32506bc5418e6a02b4ed1ecd3b1e34063,2,130952|130950
within_project,1,BIRT,e086a7b24fb52d044e293777339d170674355753a2b9d907d96e569a4a1c76aa,2,197190|197189
within_project,1,BIRT,e1c6d2670a1627f827af4cb79cf14803acdc06885fd78a80002258f758fd77f7,2,134940|134939
within_project,1,BIRT,e3ca1418f0c448fee0ef990ccd3d75cc5aa2f89057cd48867e7a135e2418bb4e,2,132966|132967
within_project,1,BIRT,e6d67802170361a495943b7d2fdb6844db067c793c17653ba869aea630898521,2,123524|123526
within_project,1,BIRT,ea38a5365158756c77c2718ba6b29921a66324e28354be782f8e3717c06e5542,2,254830|254829
within_project,1,BIRT,ec45fa15dabc0af68a3a4ee7c66129c1388af470e01f047964026f94d7331756,2,214068|214069
within_project,1,BIRT,ee3fc63721d91acb8c524f0f5911b73c6a85d3ff1776dd487e343abb927a517d,2,157744|157745
within_project,1,BIRT,eece35e060d6a1cc40db608bfee4e61a0db2013539c5730db8db3225a68a5f6a,2,121690|121689
within_project,1,BIRT,f0f6edb0916acb09b2b6636f21265eed28f8b247b1ba5cca2d5c558e1254a848,2,114322|114321
within_project,1,BIRT,f32d2dbb48786375162bbee53b64ff044466215d978dc25f00b61cc6770906d1,2,131260|131673
within_project,1,BIRT,f3d5d371e80987733b2621fd223b3d4297dccdccfc3f61b45651dfdefb37c498,2,281112|281111
within_project,1,BIRT,f47169877b79a65b5251b423e5fe58b49599898b3774f842cac494c1c5d95ded,2,111220|111302
within_project,1,BIRT,f5ef6ecb8b12539fa53fea3039053cd108552a543935ae58fec734fc258cec29,2,88541|88531
within_project,1,BIRT,fecb38bef5179d3d282e0d28a7c8dff66d9e1252a3b17d4023a2073c1269ffff,2,119537|119538
within_project,1,CDT,72327d8bedd40da3b5c57f8505435f321c3d226927c977324ce5c8215cc4312c,5,117207|117208|117211
within_project,1,CDT,157fe290bd045447d0e030dca05e4e2dbe02a43d98c42d3a4bb0bd5a098f30c5,4,83396|83390|83391
within_project,1,CDT,a3fdb9f7bc3703006892fc9e56afdbdcf5f31e6360e7e8c0389684d1e06c253e,4,171387|171388|171389
within_project,1,CDT,448b4cfc22bcc6a3d03b15c6b16cacc67a01ac574ec3b5be1dcfb311c315578a,3,127775|127795|127796
within_project,1,CDT,63735949343f23966ddc2ae36d9787832b95190779a809ca7f8c68d81c591df1,3,86537|86539|86540
within_project,1,CDT,6cbd28c751a07a81b5a27503183b93e38f6d352dcf8d43b7a7a35c1be7647566,3,198817|198818|198820
within_project,1,CDT,7e2de3f695741257492f7fb2fa1e6c19850923dc30e2b46ea89c63008cc0df5b,3,71317|71327|71328
within_project,1,CDT,8cd14786a27df27189d1c2c12264ae360d553452c7e2bff0e5b77d892c2198bf,3,74697|74698|75322
within_project,1,CDT,9053273e5868d575341a266e6574134e51d35ee8df95a5f96778b3f5a55541e0,3,87980|87983|87978
within_project,1,CDT,a4e1f436f3b9931c96843b346926c8fedfdc8ebdf488dbc0dc586a64d6476afb,3,195134|195151|195129
within_project,1,CDT,b56c9b852ce8a638048122fc545b7318afe2ac7a65d5ebfdd945ab652eeeeb2e,3,68652|68656|68658
within_project,1,CDT,ced05c85b5eb9e2cb954ef5ad3ceed84adedec7b4443efd5e245168213575f03,3,92755|92756|92750
within_project,1,CDT,f9be6b042cbf346ce745584cf6f43ef0cbb381a78583706f1b34e48c358816d1,3,97797|97798|97799
within_project,1,CDT,043dce253812a038b4a99b8260d970dafcf7cce709bd29e4a5d1351448cf5a5e,2,70730|70732
within_project,1,CDT,04e23d0c74afb48b14d4baf81b6956409fa55047145f17cb37807da9e27e4114,2,273898|273899
within_project,1,CDT,060e05f81dda4a7cf1f82d96062606669bc2771965d11fa1961de33574af8428,2,102656|102657
within_project,1,CDT,0a4ee4243cf0d9e4cf972cac13d18adbedc69068c157f0b442ce4ae366ffa3ae,2,90871|90876
within_project,1,CDT,18e2fc375d07ce0135a3d3b6f3d351aeea1009fc130e47d90e23cf8091c5d9eb,2,69296|69297
within_project,1,CDT,1b0943c5569e142be3cb513abc758adc943c6bc8cc7942154a017b9208cf2002,2,39162|39163
within_project,1,CDT,20b0ce70a4314d62d1fc3a312c9e19c10d04604f68f686d91a2fcc5dbb3032b5,2,145611|145606
within_project,1,CDT,20fc192ee7fa178e58f0c9d6b4796cf9738ed6b7662861d393eccf935e754bfb,2,174406|174257
within_project,1,CDT,21e6913639ad7f1f2593b40cc692030de0a9932847315e6f46b9f13c71351ea1,2,46592|46606
within_project,1,CDT,29cf0495f3372e32b71ceeec4ef58cff5b5b1a5e23a9a4555574c0fb13ec8811,2,69118|69128
within_project,1,CDT,352c12a6d097b6f94a9a6ed465109279acf3e98237383d02dec1757194d43d50,2,91285|91286
within_project,1,CDT,36eb347789bdbc307372e840607f683c4e00de00cd820eaa368d8c418e0c6de8,2,49145|49144
within_project,1,CDT,3da06b14c726283a908e7a22a5b019de5197cb17170d5b36acda0e7a07151503,2,52370|52381
within_project,1,CDT,4763672374eb76dd63e6933cfe52e30ef11b92535867574a46b7f47fa172bf8b,2,90002|90001
within_project,1,CDT,47a96b7debe55d5ea5175bda2a6af6d59c2a686b512d9b825923c9fca8ef3ac5,2,92753|92742
within_project,1,CDT,52c8bbeb42a18dbe8b6150c0752fcdd3a850a1c12a21670999d3003559bcb246,2,77504|77508
within_project,1,CDT,54aeb821f228f244ed5f551eafbb0445439fa89f55d0e3af89e22f0788e3816f,2,461545|461546
within_project,1,CDT,5a4cf132694a11d4b8eb8192534645544d79fd3d61e3e90285e99bab07da9aa0,2,165869|167519
within_project,1,CDT,5de327b38e7a6cf4099bbb66fce9c126f974715ddf050aea8a4ce1f9322a3282,2,194421|194424
within_project,1,CDT,5fa99ec65b85199bb2179620dfe23aff78a57714633de37e12d7f80dba104626,2,141853|141855
within_project,1,CDT,65df07abd4d178b49781c146c1c390ddede367d538a756d324e1ab553bf913fc,2,112790|112787
within_project,1,CDT,69db8ce50751876a21068ef5e73065e11b6c2e743b6eb2365d9cf88f04d596b1,2,132759|132760
within_project,1,CDT,6cfd3c7f3b04e458dacd118b311ea23838ce77ef54c3962f413a20bfd827fbd5,2,150973|150972
within_project,1,CDT,6fb70ec84aafef31a3dad453993993868c9cb0ca6ac5a2e2c9b9ab4b8b62e94a,2,35320|7541
within_project,1,CDT,70e9d3aef8cd2ff9d75427bef99a985d58ef73f99867299b19eab09c764b8ff9,2,282313|296023
within_project,1,CDT,715ae2aca4f178575e14852c491c4f8cf45557e40af83d6368c78db9f17e31fa,2,192313|192314
within_project,1,CDT,732e116612283dc96f9f6ab39b1d35bfab55a49e9ab5511408c8d48d8d4c0937,2,482938|482939
within_project,1,CDT,73762d085988e854aa9669748b6915a8dea659bf88b577e894adb413b5ce0b6c,2,106715|106716
within_project,1,CDT,74cca5aa82be67c5fb6594c2c828fe1add907e2b9e4906ea58545da92105f491,2,72486|72523
within_project,1,CDT,7808706c2a69a765cda877e2c22652b2492e5accd07c7f3401b8caeb17c0f03a,2,159686|159687
within_project,1,CDT,7a0de215c27b120026fcd2fb01ad8d741abd1e8f68f2bbdda27255a1d671bbf2,2,390641|390643
within_project,1,CDT,7e48414ca2265ad694e8b16b85f0a8f9b7ef01406dffd2ee2c0f1ac80e03fa8a,2,41719|41718
within_project,1,CDT,7e568b0d4e2cc639ba785ec373ec7c65fba8a677c2292f542885021f11088cce,2,64328|64313
within_project,1,CDT,7ed8fc36e6d314bf23c5c073d7254db1f1cfe1cf166762d8da3d668a8c39d161,2,127056|127050
within_project,1,CDT,8394e5725d052e054a8e3e7e989456ebb488e5d0eafa375834eee5e630dbe4bf,2,70120|70218
within_project,1,CDT,84c87b7ad1a4575abbf654467e16f6f26941f0e18527379e3c96a59dd2357054,2,172973|172974
within_project,1,CDT,89e89e7f7986ad20054d843b8dc7339ca1d8c123c17a6f10c9574d930e29fa75,2,537446|537447
within_project,1,CDT,905210b7462081f971bc0d11e63489b5b78caec120cc6c8a418650e283e05879,2,84759|84760
within_project,1,CDT,94e54e8bafa854a9e46aeb03f80c7bc9d223a3e741362f10b9c619af01aea476,2,10105|10106
within_project,1,CDT,94f68629e54d877394f50ad128a9178df34b3ecbaead946b4dc691572b53899f,2,63775|63939
within_project,1,CDT,958f0bf4b8ad924613b15d5a30e65fc5af888b29dab1f746c1983e546b2d2042,2,90378|90385
within_project,1,CDT,97b4e591b857d542d078ff3ee7e2b561725622b36f39c2b3c3b743ad8ceb45ee,2,253864|253865
within_project,1,CDT,9b2a448052b054aba3651e9ce187ad02be6b504b4e43bfc6bdecff4441d7ec50,2,102789|102793
within_project,1,CDT,9b99b5a5c04420ed478c969d034fc81335100ff29d9fd1d75a54263c04707fb7,2,134982|134969
within_project,1,CDT,9fd3fa88dca79adacdc3e27ea8fc705666da0665f48c557a42192a41150bafbf,2,508949|508948
within_project,1,CDT,9fe8b2e93ad5b99761edab1ad5e421d1f98765d7445ee763ecdf4b4addb7e713,2,77276|77277
within_project,1,CDT,a318f31588d32c202e6616aac1f02e406dfad0210ce5a27dc2f05cc81e875fbd,2,482051|482050
within_project,1,CDT,a852a794bd6d4abb5ccee49620ffa44fe6a20eb8ca52e21c09c434b081c28ce9,2,48117|48118
within_project,1,CDT,aa49c58026f0452925ed0f880eef4cc208f752d3572c56f629c989aaf9a81176,2,117030|117029
within_project,1,CDT,ab9cf9d1e2145e3491035af6089c4e1b067a98aa2f4371e2ad6d9ae2f1e7bf15,2,109612|109615
within_project,1,CDT,ac15ae66c66e219dc4060cccc577ffafdf9da068a1526c5672961a18f92f2588,2,62511|62512
within_project,1,CDT,af7789613326f6f90c4e30d7f7c0e671aa2a78f385fafc336b98a1aa5d269020,2,45412|45411
within_project,1,CDT,b6e411c18260cfd645696336ef709d6ccb4f7914514abbe83cf225be697badb3,2,453006|453008
within_project,1,CDT,b84265436a4abe3855b23130c390521625a9c9e427aaddf43836971e0158b165,2,308331|308333
within_project,1,CDT,c0497dafb1f3bcf216abb9dca357b3be906a35f67ed5a6d42ba120d741a27cf7,2,100637|100639
within_project,1,CDT,c1089754b3c4bfa4a965839ade606249825b6542aadb6cdf3b99504ff3b03004,2,305976|305977
within_project,1,CDT,c135eaf308bb20302310d8888bf4f272311e3c09ddf11a157f7f209f5a4a2ef2,2,66191|66206
within_project,1,CDT,c6d356c6b3820df5b6b88aa52c363129586d845ccf3faf178748bdc9293c54c7,2,248084|248083
within_project,1,CDT,c774f5b0c9f4adc4e00bd0e010a84083d57846da844d9f4605d15270fcc5e59b,2,128974|128976
within_project,1,CDT,cc18118029d166b9167b13c8d815e69cc81b594ee22738af1d3f8793e2366e6a,2,346847|346848
within_project,1,CDT,d1205ca8f03634b2024253e550ce283cf88096fe75b1c412088442bea2274bce,2,253348|253306
within_project,1,CDT,d1646c712fd74e8b2168b1d317d19aabff115c89697c646eecdf1ffaff0b9acb,2,57287|57288
within_project,1,CDT,d234c9556aa80b1f35565943bee7c828f84ca648a9d05d79c78261383d82eb7c,2,182387|182388
within_project,1,CDT,d274b17a339c1241a808521719a18b07e213cfe1e8031ca8c6584fe781b88d6f,2,120360|120361
within_project,1,CDT,d94828ead8313b38cff16de2ae3cbd9fdd6e38fdb167d7e6b4fde24168baa898,2,92754|92747
within_project,1,CDT,dac6b0140e1fc0d1fb638d99eeefa2d3a2827b236c38694b7a8fda912f629a94,2,89821|89755
within_project,1,CDT,e09055340bde3d217f9e18d24ea45e3f87e84b8ca8f869fde97afca2fcce6761,2,87984|87982
within_project,1,CDT,e12e04d4113e9c19d9fa08f10f0bf4136cf805dca4a0006eed2035ada8327fa9,2,9928|9927
within_project,1,CDT,f09f47d043dc6895085dd2320cdc978e9af2f513f7de6ccfdce654f4d1e3754e,2,199197|199196
within_project,1,CDT,f0e4d9298fe0b0f520cc63f2ef344d1ece6919a1853f9857dc306672b85d872c,2,54528|54531
within_project,1,CDT,f21a206761bb7f2365396dfbdb60aaff0d2f55a78e82ba4a4eb7d2988cba1b3e,2,98498|98499
within_project,1,CDT,f90fcec67eedd55dfc3b5ebea081c46ac8ee018b39783c144824d40af755fbab,2,86306|86311
within_project,1,CDT,fb272c4418fa060ca40e591c202dc54c5fb54b2899c3ef2e23a6b2aef16188bd,2,580239|580238
within_project,1,CDT,fb8dadadc28c245c2540af31537378d8a9135a7cf71033aaa2227256f252523a,2,45548|45550
within_project,1,CDT,fd90e1d851cbdcea09f5aad793c7e5133b5a07491c8a9234315bf98779801491,2,152656|152666
within_project,1,CDT,fdf8776d5f61842ba7355ae062714777a582d240804cfda23111deb3935be48d,2,87027|87028
within_project,1,CDT,ff2617dbc896bcad8d191fd082145355bb29e27039357da178413297cf64c7de,2,156786|156788
within_project,1,EQUINOX,17a3b1b10923e85f782057fe36f6338e39c65216344bfa30167414a15605f5e2,5,271993|271994|271995
within_project,1,EQUINOX,d7fcf0dbb8d22faf2823e061e4911cc985fe00a49ca4132b1f8042cf60005fca,4,168540|168542|168543
within_project,1,EQUINOX,1a2b9a688a4c5c13d4c5d473dbe54129133a464d301d226b4702fbd3ceeb2e4f,3,518574|530018|553294
within_project,1,EQUINOX,690129a0dbf18efd355e8c4ced4bed4222fdca6cd5f0cf385086c0f3832c6294,3,416713|416715|417580
within_project,1,EQUINOX,9b9b5ec7cdf097a089aafb67af6263f33d0cb4c7bfc9b2b4bb9f77f230bbcfff,3,220605|220606|220607
within_project,1,EQUINOX,168ba21ead4e49fa75d32907867dc7aa2f434a2e6c93244e81b9dfb908b0dd8c,2,317200|342748
within_project,1,EQUINOX,344d4f028fda1b46e26be77ecba69d88e0f9047e3717a8f7c8eca60f34b1ddc5,2,170319|170231
within_project,1,EQUINOX,4940da45a949e04064f4db6273f75664bbf60c5354d7dc1f1fcba6863f725613,2,567859|567860
within_project,1,EQUINOX,51089115acdc2f77e95ae058b685ad16ba52b12a5839bc228875ce7ff9579aa8,2,215519|215677
within_project,1,EQUINOX,5595ef9eb299a7b25441e13befbcc802fe365170d858d3bc7e467812891fcd88,2,63834|63861
within_project,1,EQUINOX,5f2ac1e5288031c54042e8d21eaf17888737b28bab728cb61aabf117056b6e0b,2,62008|62076
within_project,1,EQUINOX,73b5f923a7bd6a105ac30e87a4cce13696f9497cd4c703d341cf21f9a6af5c0a,2,279088|279089
within_project,1,EQUINOX,7fbd4531c0a00971f4133af3739598cb8eb519e1e7fababd74c81a8a6c85edc9,2,243605|243607
within_project,1,EQUINOX,8101cbfd1e970a8b29538ac8ce288d3c855b7072cee1db38cecc125dd3ae19e3,2,121204|121205
within_project,1,EQUINOX,8921b007e3b6a418e8ecd05e234999b9ac083717749487acbfc9b4a493a39093,2,129646|129647
within_project,1,EQUINOX,9a50774f3e56db74f890350f07086beb91cbdbaf981178db3da58ab3ec0a4e38,2,325883|325885
within_project,1,EQUINOX,ac7fb0ec63abec5ffdb73e4d4acf08a7563dc2616e59e9a8cba6f62ba7a75af6,2,415941|415942
within_project,1,EQUINOX,b29c8721a67a1b5f7b6e5cb5ce2d27fe6b80039890a723265a0ceb63990c714d,2,266360|266361
within_project,1,EQUINOX,b34f1a1438c3f0058dec9adda1f47892d3ac09a1be96a557d66d950f0e3e5864,2,164981|165034
within_project,1,EQUINOX,b352a31faee214506f51ce254390eadd385eca304ddefd3aba12f41eb4598744,2,190396|190399
within_project,1,EQUINOX,bcfbaf0455389376e341925c3e3ba30e8e178b221f9f04b5874aa8774ffeca82,2,227474|227475
within_project,1,EQUINOX,c5211d8c23d3af3d318c7518b7f77f42f32d1b2336fdd7c745cb77328fb00701,2,217537|217536
within_project,1,EQUINOX,ccba65c72dbe973ad094f20cda4b68c496a402c6c4ef4119557c09cae51e7b4c,2,248961|248959
within_project,1,EQUINOX,d51a97d21283324eeacde397faaf2e2da29a2ee21d5bca6905b4f5947e48de97,2,388944|388945
within_project,1,EQUINOX,d96925d9dbf94208f0e948bf0c6491db37c40dd3ae7c09e8c372daad90258df3,2,160957|160958
within_project,1,EQUINOX,dc3cab9a3f1f4f6ab78bce614c5a2580bee11b3fa78a674ad7908681d195bbc8,2,243444|243445
within_project,1,EQUINOX,e3d6ef1bb521ec85dd436601bdecd417a1ec0520555ca4fd4551c1d6f1a69b5d,2,252455|252449
within_project,1,EQUINOX,e4e7d7fee9629e0a46aca98b54866834e99e0df28a62fb8ab45b717c198a5933,2,305099|305101
within_project,1,EQUINOX,e87512127fd25a2d6acde21aa95f5ed6fd3a519c850db20a7f232c276c84a57a,2,256234|256235
within_project,1,EQUINOX,ec23a2c2e243934f5073edc2c588b77a571ad29c8dd6b607a480565d75310844,2,327663|327662
within_project,1,EQUINOX,f0498028c6ee5898c67980ccdce2a94ff89b409d8a7d55690c5bccd30307a594,2,124367|124369
within_project,1,JDT,317bac93e75c34bb3d2443a7fb6667a7b001b9e7de59f5858722c548c8d018bd,7,140870|140874|140888
within_project,1,JDT,0c881291bacb68114826cc962b361e7654dedefa3dd36f871c837fdec7a672d2,5,93876|93921|94038
within_project,1,JDT,0d562236fbd5dd42d6ffe1ffd59ceb6bc2482d625623e26b6bb3826e060cb50f,4,168111|168121|168158
within_project,1,JDT,1d1bee4efa0dc27ae37ec9a377cb3ff847e7012ca20f7fb2cf07b4f1f43c33e7,4,95966|95975|95976
within_project,1,JDT,4e751f799bb72b8cd313b3cac88fee10b969aedaeeb9440c7292a7fda66cacfd,4,186953|186954|186955
within_project,1,JDT,8a48e520534de83ecc924ffccb7f80b7b59698726bf7b68e96eb7e0bfb52bcbe,4,136957|136958|136959
within_project,1,JDT,d883c341809bcbc514452236b4c19952d1cb73377a224037aad75ba2960c531e,4,117188|117191|117194
within_project,1,JDT,03497daa36b05beddefcafba48108251b5cc4432d8ff18abe0a7a4574c23d0db,3,108089|108090|108093
within_project,1,JDT,159662f5b0237edf30da8d6267a04f655219dabfcf09fb2708854dcbf1647bbe,3,81073|81074|81085
within_project,1,JDT,2414270b29bec552d2a4f8c09ba0655d6c937de7fe01e1b0d0dfab42fe148b16,3,39558|39559|39555
within_project,1,JDT,39853af73aee103b6fa3151807d0c869638cb59ac75b2bd2c090ac2d210e371b,3,165194|165314|165315
within_project,1,JDT,42ae1dc298004c2680439ef21ae80f7e0b2dee7fd3a7bc6f28a76da058f49f7d,3,67607|67615|67616
within_project,1,JDT,5ed20a2cf9638669d1f71ad89d70c722661cdbda819b52b397c5a020765f8ea2,3,376275|385659|377331
within_project,1,JDT,64f2ce947e49385e4b870230d61a6ba06d0bec0ef22ba49f49b44b6d340eb460,3,543569|543566|543568
within_project,1,JDT,6617d06c3bf105d571ea2be0cf0e388b14799a2073cc96d73a7877dda6ffc35c,3,35359|35361|35352
within_project,1,JDT,76f1aa652a1bd77b0f0c7f930cfa9970d231830a49966356f2edfee46571cd35,3,198415|198416|198418
within_project,1,JDT,9269168350236f7c17bbc67f8e2c295d049433e10771842f6ee5f0d11930a4f3,3,171465|171466|171467
within_project,1,JDT,ad83d18fb276e5b33ac0f4b86f76b50d71602da4b459fae41ff5077fa167e1fe,3,150133|150134|150125
within_project,1,JDT,b2c68266f229ec1753e5dbf00147026d585385cd4c9f795181cf1764d0f3b4d7,3,133971|133972|133973
within_project,1,JDT,b5a95e8504ee57897fd5d7180aeb1e14af3302483f74f0ee997a2eab4a861a82,3,45590|45591|45589
within_project,1,JDT,caba37f3fa12c2ea3723408fce00b4ee6392c42536b2e7756c4aacd763bd9d53,3,21615|23450|44880
within_project,1,JDT,e078b96c687e23e2796a71c4187deb133f3964bebe9c0a87fc88f044f5503c47,3,132751|132749|132750
within_project,1,JDT,e65562fa628b488450dff91e22dc7cf1000fcaaca2fe679093f1468598ad2360,3,414239|414240|414238
within_project,1,JDT,0015107c3bdc2b9be2ba68af8076c01aaa5866b4ce26b06dc764e1781565e9d1,2,65912|65911
within_project,1,JDT,00ce7e58c0fa16373038f4f29f0c0cc0755fe20abdbd25fd8f0707f57c645ffa,2,161523|161526
within_project,1,JDT,01a5ad2d13936683c204b205efaf9aab85d72b9390c8697285344231de662d30,2,186384|186394
within_project,1,JDT,029345ed5f0a3282ddb2019191a5d274f64780b0e94429d3f19d44d62e812ff1,2,82821|82823
within_project,1,JDT,08e3f085928dcc81e03cd7b166544e6c21e7c1d6e8491fd90c871e6df0c7a28b,2,96093|96094
within_project,1,JDT,0ab077f081505025d5d6646c6af99ebe89adf06027d0fd684bf0c28993e2c283,2,35653|35654
within_project,1,JDT,0ae25d31f666d8a8ae6e60155c7dadb0b744734b857525400427901dd1269ae2,2,212440|212439
within_project,1,JDT,0b09f154acba1ec87ac65f688ba5be9a223df6c119a94f74da3bcf09a645c7b0,2,126486|126473
within_project,1,JDT,0b8a5f8059f56b10bf07c62b26d17c5d0a3d9cf436dd95fefaf06790d4d50db8,2,42340|42339
within_project,1,JDT,0b968054a5c5fb378fc28bf76802e825713be75f17ffbe1d72d0da160825355c,2,558716|551963
within_project,1,JDT,0d0632a4756f733b129bed9d4177ca2ec010ad16ccdc6aac8082a62bdaa85eac,2,47330|47332
within_project,1,JDT,0e228edcd2c7af0e26844288cd6123c24bff7df272404ff3fb8cea85bd723ea9,2,98100|98101
within_project,1,JDT,125ab98d71400c5423968d03a57b7398b4306f9cfffbc50e32b6267d78db6556,2,4927|4926
within_project,1,JDT,139faee445fd59ec27d6d340ef09b8c2afaa722a690b1ddf01a91ca1d147aecb,2,135378|135393
within_project,1,JDT,14a2ec1bf3995c8cd4ff1975e12ba9318070787c10165a2178e716e2a86d2fd8,2,239779|239780
within_project,1,JDT,155d98b91716357d2cf03b4c1648ca54b959ed65f4bd9cdfc1f7351b7134211c,2,32893|32892
within_project,1,JDT,15cae91e1801d901c17e44d6578cf770cbb5afbff2944ab9d7d930b7f85a9029,2,116437|116443
within_project,1,JDT,171ad080d7a6fa830460f32b224cc2ca8ea0d9b9fe2ea8564c7acc8787aabff0,2,29200|29202
within_project,1,JDT,1a0ddde00fdfa68ed9620e6d55503a7baf7e30971451c6e58e75d97463e012f2,2,114603|114590
within_project,1,JDT,1aab461c8949ec5373ece33da700af930b00b4daf66b56207ad98da05260e561,2,18011|18012
within_project,1,JDT,1b27decd0add79ccdd1c4003eb4e019fe745d50d19f68d87eeb74111f99ffd4f,2,567605|567604
within_project,1,JDT,1c88acdf9e68ac6cdd295ef05996e41e90b69976d133743a4acf8b2f27d99830,2,174116|173987
within_project,1,JDT,1f16669785154211ac5dd359e4ccb42b29009f62133713d8783270202cc4f89d,2,126613|126614
within_project,1,JDT,20072bba5ae9ab14d9aa8e38816596d313fc5adb5d3e4b9961d92b8a162fe254,2,480442|480443
within_project,1,JDT,2067a33a7ea83fbc61093010bd3803e9e727f60712d0624547eab36c7b61272e,2,35347|35349
within_project,1,JDT,2299011294ba757237fa1dc5ffe05326d6e30d4fecc50015823e8df97108f0ac,2,63488|63490
within_project,1,JDT,229f3ea3592e2ceaf05619a1f06878acac76764893440e38a3c548ad81ad1419,2,129150|129151
within_project,1,JDT,23391d5d1617cce885f3b7ff6d0cbf73f5b5644ce9cc8705b0440b9979d8eb3f,2,548097|547709
within_project,1,JDT,26c0a255e679bac76547ac516811490a40c9be0356b34d6f7f1aa5db52d5b9ba,2,5884|5885
within_project,1,JDT,27a04584b83cb445e98184818095d8bc0bf7f5aa1cd49a2dda113846387b9062,2,57857|57856
within_project,1,JDT,27c72f8fc8e3b385e5ed0ec4ad2600829a3f7cf7df34304b7e892c687e1f3571,2,17285|17277
within_project,1,JDT,2a62122ed08e4251b1e22730fe19a35bf056d12bb5fc07d607bf869d7b95482e,2,35595|35605
within_project,1,JDT,2c7aaa215470c70c9c605f2348d653eb6f9ba4d1c842a00a5bb3935125bb6757,2,40119|40120
within_project,1,JDT,2db9fcd41abc30cda596e3d803206a13d884b70f99a6c07fef2b9c9f9e6d9cbf,2,140895|140901
within_project,1,JDT,2e511fb05d4ba064b93a25f12481ac2f5983f05924c35f41b4963f138dc625ec,2,185610|185601
within_project,1,JDT,3034422af753945dc3462cf314e73bed8fa2496c3b7b56c236a20974cd89e513,2,228817|228816
within_project,1,JDT,315824434103dc9c5b25ca976c70a4d0472faaca26af5529d36c8f515b94d59c,2,562106|550457
within_project,1,JDT,31fed9fd2761b21bfd31921773dac30d8fa79b368442195de9cfd6be6bf6b058,2,33922|33927
within_project,1,JDT,32d80bc15198de101de3e98405fe5a2146b9f7ff8a034bf64a93029b21715f2e,2,77860|77859
within_project,1,JDT,32dcabf5e70023f9436a8828e2c2e77008aa4577e4b5a92c72c1114b913f64eb,2,96049|96048
within_project,1,JDT,344a45b42e78ac881d82159f7d18fd9da2f2abe5b0eb3eb043faa9b69e4c2edb,2,31140|31142
within_project,1,JDT,35bbc7966eb2ea156d6fd196b8bb94a6c45743549311509b12e942bb81f2cf06,2,16130|16136
within_project,1,JDT,3931370b17eb761710342295934f631d97c80435fc010b1bfc6180e4c2a71432,2,137231|137224
within_project,1,JDT,3b0b2952714f8a0a7de445bf82a30d62b8a1c433b4bd78ae36933ad26aba630f,2,85304|85303
within_project,1,JDT,3b23ce88e664a892bd73f3cedc1587b2d01920bcd856d0c9c35c66fff8255e60,2,87423|87425
within_project,1,JDT,3b5bc5a27239178307db16ac6557fdf5f76000b029eb67f2ab171073ce65750f,2,112450|112451
within_project,1,JDT,3f93eac6c5a4664dcaefeb8af8677d473f4fb036c300f3d187c20c34427b8f78,2,417757|417758
within_project,1,JDT,4174ba4223bde2f6f15f240a0109fc233eac7462064416dff004cff57b0aedeb,2,26584|27205
within_project,1,JDT,44227c5a92536fe8e2eae5cce33cb30c30c5ecae83912d6c8a1e37e1a7eda563,2,499078|499077
within_project,1,JDT,4425144920cb19a7de0236f5ac8755d66258f081dc7098582160a3adadcfd1c1,2,60109|60110
within_project,1,JDT,4660c8d9e920d839be1a22644b767bf12a8fda2e12b14735aa17fd217dc20cdd,2,25994|25995
within_project,1,JDT,47423052d523d9592f50b25c446847f53bc22a23bf1a6429ac5898a37d96d20d,2,562459|562460
within_project,1,JDT,4d0c7c677b4289cad5c0004cc33ab77b80cf01456e73a316fa2b28533df57a34,2,108675|108701
within_project,1,JDT,502f1ffe9af85c4a38905dbc2b30d738221f577bdf213bf81a22a059eeccabfc,2,72112|72113
within_project,1,JDT,51f6297dce802ca27ba2d67ef1c3c400ada218e9b4405c3daaa72e761573dbb6,2,23989|23979
within_project,1,JDT,5314b93bd34e10b8d80152f5c999be535ebc3ef887038c3576d5271ffe1b5677,2,21441|21442
within_project,1,JDT,53dcf4060b2a8e57366a6f8f307508516c110e84ad3097e75114a6c4eeb13362,2,109501|109504
within_project,1,JDT,55e0bbb502fbe8eef06ccc65e6a20e24a7ba73a8d30e77e61c58d2ee29e6878c,2,559687|559090
within_project,1,JDT,580e3ba05f7f8781102da3c4485c89bd3aced503bd83bd9a7ea52c2b92fb4e1e,2,203148|203150
within_project,1,JDT,59fdb537da129d2b821d5fd1b68054cdf2de863040a3695c234b956537b455f5,2,189619|189620
within_project,1,JDT,5c656d13c4295a21401084a945218d11870f629ed7dce9587b196552037d8e50,2,77762|77765
within_project,1,JDT,5f2086e62270e5c0763830950333d25b443dfde7654b27e7d4e6d977ca2aa66f,2,7447|7446
within_project,1,JDT,609b158be553da1386a13bb0dd60422e5b844d551a47bc5f25bd34d64d591912,2,118349|118344
within_project,1,JDT,63ad3cd531105e90b7e98e3bbe5354b2648a97e6892607de6f23ed2044295174,2,112854|112847
within_project,1,JDT,6464dac83a28d5d53c9fe80541d277b9cc7bc139b9bb1c6d77a5a75b9b82080a,2,153106|153107
within_project,1,JDT,648c7283e27b90efa51b5261af9327eadf6735e2f349bbfd9e2f10777904a8b1,2,570079|568027
within_project,1,JDT,64c34de8687fbec48f765517b2dc9ab6c1ad125493256495b53905ec163de591,2,72673|72674
within_project,1,JDT,64e313a3edc5fc84c3da23701feea1c1507dc33c4cefb4ceb64613082646c401,2,104979|104984
within_project,1,JDT,6963da751faa506f8582384fd854a81256330667fc35c73e537f83060c63a873,2,170434|170435
within_project,1,JDT,6a4e409b5cf0c6f23e64d0dcf88a2115e655c88c5954ff9d06375333b906090b,2,259690|259691
within_project,1,JDT,6a7e5ce69f59605a12dc6479f13269f072d817d0afa6413ba139a608c922bdf3,2,26324|26325
within_project,1,JDT,6dc37ba98ef1df30a2f16528d4889e2cbe40861686dc2b4635a55971c7d5fde9,2,17456|17455
within_project,1,JDT,72e26d8149a6cd645761e5c91f36a4aeb42806947b0c8191fc7ebc5cfd9f6338,2,126423|126424
within_project,1,JDT,73d074aa232458246e577822c4a7decc12c3e05e9e4277f5cd830b69c2ccca95,2,238306|238353
within_project,1,JDT,74174b621b4632c39eb3199c9e654a3c8e56601ddaef3408ee5094a922009247,2,60495|60494
within_project,1,JDT,746a33599110b06533b0844a33ef210c64240aac601e9d51cb3f5c484bfd8e35,2,95156|95158
within_project,1,JDT,75815450b67d458e31d8e986229a8c6dff49137f5ba1eba77636c2a16d5c317b,2,81316|81315
within_project,1,JDT,76ee3bbbc98f03aa29be283c05ef59effa7b75212df53ea5e0646093abe5e88d,2,24377|24376
within_project,1,JDT,7821050832bcae3801878efbfdf28b79e07d2e822986d0461ed58a27a8c820e8,2,19696|19695
within_project,1,JDT,7931462c29b99ca42cbf89378e14ce016aa1b7cefb8182ec6bd42474b47e0703,2,55638|55643
within_project,1,JDT,7bc28ed24964c68dccd8a69d67af0e39da83c0cee308e5f495d4c3c2977d951e,2,54422|54423
within_project,1,JDT,7eaf708b86d8243b639601308374d8424cc5fc8ea285710108474716b262486b,2,460359|460416
within_project,1,JDT,7f7958f5932fe9cd962ba66dde3fe49d2ea34adac8e602a495b9474090204b52,2,578029|578028
within_project,1,JDT,7fa6260c295bb2eaaa750af9fbca067d07b28f79e943821af1bb42cf59c7422c,2,50995|50989
within_project,1,JDT,8449a2c69ba745ece3aabf2305d74e4a046048b6d0b3caff173d4e78956c5cf6,2,498534|498535
within_project,1,JDT,852438b0df70232139111ff0e295756d48c33414f16e2ef11518ed5edd1c1c19,2,106907|106908
within_project,1,JDT,864a7bb9359338219e36d17e99200ab9ea47e236786960cf5a8b1c5c598e338d,2,93066|93065
within_project,1,JDT,87b2da86091c64b84f7043f8855acda1c3ccc0c98a4e3f961421cdff1cc25bca,2,32779|32778
within_project,1,JDT,87fd8c89461747796740c2490b0c3a1d02fdef7d0d3dabea93ff6b1e9554f963,2,501581|501582
within_project,1,JDT,8886474a1b5f2c00cfb4ac480ecbeacba890610162ba7c913cd763ae23e9f044,2,238381|238380
within_project,1,JDT,8921b6e0d5ef22e8f348ad2ef221adfc7198a1d87faddb70c32c3f807f77a605,2,125271|125270
within_project,1,JDT,89a82dd64353679a1aa5ade4d6beed82fd682ab3cc37bb2e17415521889f448e,2,37641|37640
within_project,1,JDT,89cb332cf68a07b148109e0299342ba77aee4bea16c1bb3a824a09ffe69dd86b,2,51047|51045
within_project,1,JDT,8bb5671f6f5ef03d8de0db8c21c752b6e91af279b5d681b9942e65fd01c78370,2,108230|108229
within_project,1,JDT,8bcb8fb537308c1855f938f4328d9ec6e36ffbf0be15b7d13649a48f5f39bc4a,2,38518|38516
within_project,1,JDT,8cd75c8d7024f0b74cdb7b37c91bdf422213ed5e7eca135c2422aa42e3a2b87e,2,96774|96765
within_project,1,JDT,90364e614bf733881a0a1faca1f389b75ebcf0f30e59cdab0c032252f4eac8af,2,224033|224036
within_project,1,JDT,925e57a8b97d34af992990a5d93bbb5a7d1ab070d0d0611a1da9deff7310d639,2,68716|68715
within_project,1,JDT,9355f298c27f7d705b25f5842a68222ec97fa75a0afa454ce53e8ea49b7aed27,2,50209|50207
within_project,1,JDT,95039010944ffc8910080b84ddea8e90a7e754ef6fdf4103fab231b3e2d09ab0,2,577544|578794
within_project,1,JDT,9573b6bb73fc67174f46c1cc9004fddbb2767155d956914f1f3799eb495bc2e2,2,26303|26345
within_project,1,JDT,9582c867b53271c12dc0caff0c56677d782c042ed4cf99fa81706b998152c9fe,2,123479|123639
within_project,1,JDT,970445c1f7aa840ced6e90c4de5bbadd0bb0e3e835385949f0c7a4e584f9b15b,2,561636|564637
within_project,1,JDT,97c13ff1198332051bd701b0acb1a5ac64b8411301c04080f2cd6f885ef62aa1,2,44263|44261
within_project,1,JDT,98f588d385240f0d54ad98b1e8e2755c90f772f9f7ad652867db2e9c5b8fb8b0,2,197085|197084
within_project,1,JDT,993d177101ef34051239cd047a9e68c2c049b919eb8e030c34c7ee36f6f84497,2,566124|566125
within_project,1,JDT,998565a0a293bfea46df8bc90558d1c7b001275652f90e8ac5d90fbb296a495e,2,243467|243470
within_project,1,JDT,9e261f8d1f039f7fe638f7cfb4afc54914dc104da19c21f2ee2f3028cf30d611,2,36440|36437
within_project,1,JDT,9f72ecaa2110ff894febf3113682c5fa959eb2fcd0d179aa79e931718b59fa5e,2,9819|9902
within_project,1,JDT,a00cf8f341badfde11d05e837938042f17c29d451e03211cb26582f7d3b281d3,2,37804|37805
within_project,1,JDT,a03930d05344d8154ab6fff01d9fab30dab973a33db5f632e7ba1f976d41120a,2,72759|72758
within_project,1,JDT,a03b86af727527cdb2d66adf625314898ae837c2a7d7defc940ff9a9ec6f286e,2,49485|49609
within_project,1,JDT,a079a825cd1d31cb45901b782106f84d1c3eb00f4b16ed2740e855f16db8e464,2,514614|457212
within_project,1,JDT,a2585b11ed6208020f689da8cd0adfa85c37f2426bf88519f72c0584cc71982e,2,149821|149822
within_project,1,JDT,a36d5f5b1071f8769d76d63f27441ac8488b0dc2e08299dda9270a00d63195c8,2,42273|42274
within_project,1,JDT,a40968816e01f2ad80e782d962934d69cc68fd997ec20f385b30036ae8bf5634,2,14767|14889
within_project,1,JDT,a6b089760522bf3ccf2c6edac6edbd3fc44d6344156ef8c31062fb9a1a28cf4b,2,156466|156447
within_project,1,JDT,a798f3bf0a8c25955d2ba72ad0b801590c0961b276af1b3e47f7d56c079c1dfa,2,28106|28110
within_project,1,JDT,a86119922b75e7d7d891ee44feb4d7d2db4583e7111a9d3f86ef7b9c4100e566,2,578551|578552
within_project,1,JDT,a875202731ce822f8b99e9c017112df5f296b683695fc3ab34061308b63c55ed,2,186818|186835
within_project,1,JDT,aa673bdefb47dbb962cfb300ec8ed44fc3a610ac44314ba23f0ca4b9d7c89895,2,106414|106413
within_project,1,JDT,ae55ea5250599a23fa12f5bce84a601425948a330af39ef9b1793c3e2becec8c,2,566974|568264
within_project,1,JDT,b0e08a5ba2afc9f39d49f3795085b88796e06af0069550428d339015e4d6cd7f,2,29620|29621
within_project,1,JDT,b1649ba0ef061838f691f81d1ba0823f8d8c006911981d9240a8e639c3d6b030,2,411164|411161
within_project,1,JDT,b32a76a422b7aa937e481acfa5e9dbf6b7b2284bc9d3b96f286258fa65f18d92,2,399826|399828
within_project,1,JDT,b45f3c137d613d7e10310df53e458498345eb2a111cbe8ff4879154779d67dd4,2,102506|102507
within_project,1,JDT,b5dc2504b2faf35c0054a699ec43e7ce66afafe7ecb75fd008c1c900d3231c76,2,74557|74564
within_project,1,JDT,b6d6efd1ffaed89faf6ad622999c4763f5b331ee67968d66bab9ad79651cd8aa,2,137317|137316
within_project,1,JDT,b71894ac2d8e7961edcac702d05080e47c087298c760a7300aac2e68aa943296,2,80112|80111
within_project,1,JDT,b76a6f076881bfdcff0699804301f5c84f53c9eb75f8b5b20709487a210f4481,2,78867|78866
within_project,1,JDT,b79afc5e33e147c899651ca40b7a6580e4790b5e4ef9c15d78a152a2697fd692,2,25585|25589
within_project,1,JDT,b8761b41cf99e64d169fcdb1473b54cdbf58f6431b9a54bffcf4a0c1469a6248,2,34098|34091
within_project,1,JDT,ba7c78ba2145b0e40cf20a9c5dd027036421a52b9c0b70b41bbeb79632b70f20,2,66125|66123
within_project,1,JDT,bace5e4a4508b98e33ea759714433e1a6b73e890b27e7718c21f4c612348d396,2,575212|575211
within_project,1,JDT,bb8563598e015e77c0d7286fd07e9bb316d13c16274c37914b8e4a5d54222649,2,53002|53013
within_project,1,JDT,bf8e7958ae11ebf316de91dc8d4817b958784eb5a7201eb782f97f1b40b623c4,2,50780|50830
within_project,1,JDT,c1144546d4d507d4dc64f6f2a5a655c232c634de449940ce2cd0c780851174b1,2,480541|480542
within_project,1,JDT,c2f0a9a835ec3e3ad47751d98ea545fe4ac12d5519269a921be1dbd8406cd927,2,78175|78168
within_project,1,JDT,c9182afeae898f3e6fd9575ae2af0955775169f53f5a763cee7595b5e8540f8a,2,41533|41534
within_project,1,JDT,cb56facf20b743539228cc80b4a71765b34032c0baa1c19bb50037a651292a2b,2,64020|64021
within_project,1,JDT,cb66433a109af44415884be5a0fefcc9559852945ee721a71a0940a8e01cfc3a,2,462758|462756
within_project,1,JDT,cd14866c97274a7ae551c8da606ce6ea72e7e31c17ee4d16923a865d4f6acddc,2,489702|489704
within_project,1,JDT,cd79c55f64bd37c56542a8f9e53e829d8ea0d5e7844c75264d4494d25e875f05,2,66833|66834
within_project,1,JDT,ce6841723ff237d5e6ef34d6a4fe02cad5f4038a38358f6de3a93b87072f0908,2,457514|457515
within_project,1,JDT,d186ca996d6f65dd0ed0c795f0ec0945b36d88cded811199f339cef7b0e653ca,2,136689|136670
within_project,1,JDT,d338e8f833d9e86eb4a4ca726305ef8c75e4543269a3d7a3359b2a5443240aed,2,77856|77855
within_project,1,JDT,d4ec4cfe9cbed718bc64889607ad351a4b46845ce3762e2ad6889343830192e3,2,442998|442991
within_project,1,JDT,d82e140549d24c487cef3a5115c676b984565d3b24f3bddefc5335a9ade7dea3,2,106521|106479
within_project,1,JDT,da416bb9cd5bad68ef3d56e3102ff40ac281c0737613938b68ccd38403a23126,2,69959|69942
within_project,1,JDT,da5a8a8d39764f13e6f0b900c15a53359a33c27dd60ecc24f03901288c96529a,2,106226|106202
within_project,1,JDT,daf70d4ac18501b778e029fc83b7013d69adf1054b78b52f08c2f91224c0425f,2,16121|16123
within_project,1,JDT,dc5d119466ac685b2cd86b2ec9e36c9fdbe5fb6388ef56909bd031283e64fb68,2,7196|7195
within_project,1,JDT,dd63b945ce3656eac52f5a1d1791b741b187c34b5c595a8522ac2ac1f77f3aa6,2,33094|33095
within_project,1,JDT,ddec10a4a3992df4a5504886e7ed1d3d1aa5cffc4704253e52088613de8143c5,2,150144|150142
within_project,1,JDT,de266ca8ea11eb1168b3e651bb158616af7f4385d3a6573a104f6dcc269f43bd,2,73234|73233
within_project,1,JDT,e4a172e48e2027b481202a61da746886e700805494a8dfd2080dfde89b653a90,2,17438|17434
within_project,1,JDT,e4c1db1d6fb72e3e94d243eda55c69b27953cc9dd10bec6bdb7e4886639863b8,2,112261|112260
within_project,1,JDT,e71728c2d026d3accc101e3b2889dd50f2533b2e4d24b567cdf19a068303672b,2,61767|61746
within_project,1,JDT,e77efde80bbe0bf650605d033bc287b36e56c92f100b139170a3e915b90fb3b4,2,45329|45328
within_project,1,JDT,e87aa68cc7df8421e6fb1a0fdf0fd02daabbffd4be4c93e90c04c9668660a16a,2,35298|35302
within_project,1,JDT,ed66c35838ac7d1a0dc1256853b0e5e3d7c93db954086c197b9ab39db8fc9cbf,2,59551|59552
within_project,1,JDT,f27cc615f4482030d9546873097134cd1d0eab20ef1e5b0c1ba2fedeccd1e2ff,2,500839|500840
within_project,1,JDT,f45693535e60cd8c06fe5850c7cb74118a9c305a6af481bd1bb76d3e6e118d14,2,53566|53568
within_project,1,JDT,f511575a688954d8cf5d842f2c660a7862bff289ef600544598476989009151c,2,164947|164946
within_project,1,JDT,f526a954be5f9d63aad040b83c4befb45b3b2f4f62ea64a2f7e1657e0c3845e5,2,26644|26645
within_project,1,JDT,f86ff840d0bbffb9d0279ad295595d47d6a3bf18032138173f770011dc7e2bb2,2,166357|166241
within_project,1,JDT,f8923384a9ce6b4ad124fd9ba6dcdb9b79ee9d3482470b412ee652745770b784,2,27299|27301
within_project,1,JDT,f8b1be4ecd417ca5569c1ed55948541555e88c7962b8a5b50e73a7d0f9fc4628,2,514443|514444
within_project,1,JDT,f8df7cd1ff2c00cbcc4fa7f08b9634511306ef207065ec231474a0b2315aaab9,2,99508|99509
within_project,1,JDT,f92612e5c378baeeafa8b78b71fab4e8d7896126dbc3434e8cd521c534b7a27c,2,57495|57499
within_project,1,JDT,f95c63618dbce01db4ab0e4140744491c9176b3790a28193db3c18402f2d2104,2,290027|290028
within_project,1,JDT,f97560578654e9f5b2254e71600568527f0fd76c0824fd8ad8ce7a122916a7e7,2,544887|544886
within_project,1,JDT,f9d0f605eec50260f44fc6d097f170ee62ae56a8977005e7bd75fffcc629057d,2,11156|11157
within_project,1,JDT,fd22fdc4c53a18931ac2275ddfc742a0182dec8cfd11521fafdcedb90b859b98,2,102606|102609
within_project,1,MYLYN,57137c448241b929c1ca31acb5a3e089b59aed120111ef929e45e0fc41795769,14,206730|207811|315295
within_project,1,MYLYN,d9a119c2349d0833495c57514a9584e0d78a85a8021e2e5aedfd92877ee74df2,10,322588|322590|322712
within_project,1,MYLYN,e46b933ebb4c716ee073e915a6baa4b78c6e586ba0edc980b1f44759611f3405,5,322586|321772|322527
within_project,1,MYLYN,15d8dd8dad3e808894395727cf19a391a5e03c3094e9203b6cb970e4b974d403,4,219540|219541|219542
within_project,1,MYLYN,35ab1766a4227a61dd0e0127784fb81441cd24aef4b762b501e14451c4c17152,4,250567|250568|250570
within_project,1,MYLYN,aaf8fe8abe21282b0bf6e6cde8f0bf9523a982284dae19221d02234409a58d57,4,168471|168472|168473
within_project,1,MYLYN,bc24beab6c4f800a46f31d69cef524c659af7b07963687231906b8c4fe7a3657,4,256222|256223|256224
within_project,1,MYLYN,e3b1786942397f4e4495593393889127bfa4a4c9642172e4cf902fdaa8e6e0c9,4,167339|167340|167342
within_project,1,MYLYN,33e21e3e0f9339ffac34f2eaef3f747be4999e641ae158b5f64c86b74d862f3e,3,249775|249780|249781
within_project,1,MYLYN,4c8e59ca0a37a9f1c91eb41b7202b51d154b2f80efd6215eae93e815be8765e9,3,240441|240439|240440
within_project,1,MYLYN,742e790b2e1c347fe754e492105fd75f13fdc71e7ca18b807d536c44908520a9,3,360547|360548|360549
within_project,1,MYLYN,a8f451d720f67561cf7b0b2a0d7c0567462d8e57e38c3dea1f5a41bc03d96e20,3,373113|373114|373112
within_project,1,MYLYN,c6768c8f29457bf58d4d55b20cf16a96f8c71abe8ef03540412c28def5c95021,3,168413|168414|168415
within_project,1,MYLYN,eafcdc54c5bea82a2c544670d47f628f0efeb33d117760549aa7eb95238908f9,3,195891|195892|195893
within_project,1,MYLYN,0430f62618e5aa66301aa48c334d621c01a503011a10fa11ad0a6982065cd710,2,239385|239382
within_project,1,MYLYN,08dbc42dec18c6e9bc7aa9404b355a1e812171d2637597f7102f64bc2faeb2f1,2,236396|236393
within_project,1,MYLYN,112ff7953c5cad94b590746454def7e649f79c3c0ea214fc7a58fde9a15b1cab,2,427649|427650
within_project,1,MYLYN,1542e5b6a5532ad8ee3eaf2671ff6c132d9b031d157c4a6252f098d7876f32a3,2,242980|242981
within_project,1,MYLYN,17464355a90e686f8cce6eb56822a52c3809e2a7fd1ea49c16f6c650f8dc1c4d,2,388141|389256
within_project,1,MYLYN,1b6b437ebb5e5f8febb70cc20d210b314d3056c7787cf2e91a11be000c074fd1,2,261868|261869
within_project,1,MYLYN,27212dcb4444e3e94947f7233a50635c39f22e8f01042ce0d3c8b641c45c06f9,2,165385|165387
within_project,1,MYLYN,2e98a4978210c164558ac2a4915de5b0c240c6032d98aad4601186da79d95a83,2,165392|165396
within_project,1,MYLYN,2f602fe698fa70c60e2c9f035dce7148db24ccf5027aef0f9d9e4da6169b3315,2,373557|373558
within_project,1,MYLYN,399713b39a153c9fa1d1fec3dd8b0c9ce81d4e8dba1c7bc77b937668febb02a8,2,319412|319413
within_project,1,MYLYN,3b864c63904a8bdbebdc130ff1955b8e0893ea3ddf4e33ef52a27b8324d74029,2,108445|108446
within_project,1,MYLYN,3d358af800f07cce413a40945a5ad397e5b94e956ebf9bd12dce3a64cb64c649,2,278820|278819
within_project,1,MYLYN,4295dc605d05a0066114a76d27b470f6367edc26114f3fcb5a641716dfdfce63,2,279834|279833
within_project,1,MYLYN,44ccd0393c0833363b65dd6870658ceeddc1516035419ab5d5ccc76069db667b,2,166676|166677
within_project,1,MYLYN,45b0187eb8e34427c1da576daf142d0c11f5a8153fcfdb7271953aeee12be293,2,166649|166650
within_project,1,MYLYN,4b00abfbb9d7f31a57e12f26fd3a16b20c523418ab7135bc1ef3814897578435,2,106818|106820
within_project,1,MYLYN,52e442ef455f577122ef23daadf5c6e5bec0396692901ef7bc437ac3ff33b8b8,2,165745|165746
within_project,1,MYLYN,5c2c9ad19a82dc33eae487253a0aa984116a38e7092c299c4c99f7f8b082ffa4,2,265079|265078
within_project,1,MYLYN,5c81bf0d370d50a7fa9439e49323e6748a50b055c44aedb7bdda4d3f45cf7465,2,166615|166616
within_project,1,MYLYN,60c886bf8ed911cff704961b1afe286bcbb43504584a3474bbcf4161f3948ad9,2,199934|199935
within_project,1,MYLYN,625d89c1394d14b7ff1c9eb91f2dd488b95afb3a4c163df1eca184cf2df985cc,2,377134|377135
within_project,1,MYLYN,64ed30a0f898d6fbb5561a0906268f53cac84aa4cf4ef008a5a18b146f355474,2,212695|212697
within_project,1,MYLYN,7270665cf2fa8a7baad36e75f59690ee06cd537f263ef3319b0835ed68760d3e,2,266930|477633
within_project,1,MYLYN,73051f49481539b661ce1431d9d6b3f945dd008d2f3f75b55ca39480501215cf,2,166042|166043
within_project,1,MYLYN,80f7379b15fe8a941d51ec41e0a7c99d89569f6d85aac98e3055680b4ea87e53,2,228814|228813
within_project,1,MYLYN,8115bffb9ee222c065dd235b6f41bf5d86c943ee042ba4db03942e028fcba63d,2,101149|101151
within_project,1,MYLYN,8e57f5523e58a0cdace3539797f61b25805c95560ed28b40acad583cf9baaf01,2,421503|421504
within_project,1,MYLYN,8f211c76b8cfb7c9bbf2abeecaa514e8b4affef874c78b8c1e7ed5d6cab89806,2,248193|248194
within_project,1,MYLYN,9068092792da2f2d979b6a32f0eb859719bcedb2f329736a801d7dca6dbb3bbb,2,199681|460686
within_project,1,MYLYN,90812ed888030a7878cbe76a94e6489aaec768aad073575e269a3b1daedbe50a,2,189796|189797
within_project,1,MYLYN,9b8bc0b7f1e3d2977a5b7703f526e36967dc8ae1f0d0fe1ddd3ef99d493b8668,2,203386|203387
within_project,1,MYLYN,9e7515adebdde142a72dbf83a8ff477ff92d62791941adf93732bc7598dedd13,2,243597|243598
within_project,1,MYLYN,a226c91dd01872dba11a4d327e1526d10d831ac95fd217f20721eed540bed94e,2,209405|209406
within_project,1,MYLYN,aa525bbcf2ba2bca6c49cc3de4e36e78d90a7f4376cc4ee5d6cd1fc9ef0845e7,2,563043|563052
within_project,1,MYLYN,b390c7f405c42d3ba2fad12ecc8c34175b4c3293f768a8c9f05878dd444f4e7b,2,187927|187928
within_project,1,MYLYN,b91fbd02aaf095dd2524d6bb2e8db2cae47612c744e8c858b9e95ef9bb0c971c,2,165612|165610
within_project,1,MYLYN,c0d6b133049bade1266549e9d1cf2a66407c7230cb414529c5f11999917658d7,2,269294|269292
within_project,1,MYLYN,c2075551a5e9a3d78317a0c1e65fca3cd0f588bff9f56467f2f82bb0949bf445,2,259425|259426
within_project,1,MYLYN,c5668b3cf85d4c2c301b1bcd6f5868bfdc03c8d9576c8b723fd2c3eaebc8f551,2,168362|168364
within_project,1,MYLYN,c65070a73102e30982b1da2cd0e4209cfabd7f468ae373c061985d7a179c9623,2,197540|197539
within_project,1,MYLYN,cd334b2094ceb672be2425f2b1ad3cd57200b087fd6a8ecee2bb2f7c44453c94,2,267634|267635
within_project,1,MYLYN,d2e6e225ecfc3f7bf44d548b95c0f35269d247f6fa300b6e65205c165e5e6160,2,143202|143201
within_project,1,MYLYN,de6fe3742288eb8ed4f265ab4293a89bdab48146559ade2c22514ca17ba879da,2,327104|327105
within_project,1,MYLYN,df22d93109256f5f1f5464a90429d9f4dcecca6f11f93f16f37d37eb857a3424,2,542938|542937
within_project,1,MYLYN,eddabe165bc98fb16cdd3d1bc3e05dc95c2eef9f53dcc7b6936d374242961cd5,2,200985|200986
within_project,1,MYLYN,f351300ab4300b60fc0e6cfc64f2fc0a1cb7e9ed4bbbb4e44ec7b48735a99c4f,2,218401|218403
within_project,1,MYLYN,f41642993e891713bc598fff7524500c4fed26044c7fe9d29d453cefc64f3c4b,2,167252|167251
within_project,1,MYLYN,f8c35a8c8a4ca9372d32f4232aec019ccb387849c076928d40c70c3585f26a8c,2,213554|213553
within_project,1,MYLYN,fd3c985caf60d44feee056bc0f4317662b904ec61108fc49f0f14b56b7153963,2,165404|165403
within_project,1,PAPYRUS,19dc35aebc8a476efaf536b248848512d9dd21ff71091de051654d46c7b99024,3,308361|308359|308360
within_project,1,PAPYRUS,5db01091f0b5510b26535502e95f999bd844e1ab37a5f4b54c64d4c173025c6e,3,574294|574295|574296
within_project,1,PAPYRUS,99aeade2c4dad57054aa71527fdd5b77ada2ddb6c1d8a7e5755c2353c2cf783a,3,312565|312574|312580
within_project,1,PAPYRUS,bc13cd9768d3d06ecd0603deda7b6bf492693ad4078041f0f9cc5441f60e5924,3,467877|467874|467876
within_project,1,PAPYRUS,0576548d36531d25be8563f4eeed65bc2e2c61a51e62c3ba067d34ac4e49a6b1,2,300666|300667
within_project,1,PAPYRUS,1feea1cc2a3237f8b845ed4b942638b359c84f928c637ea1d08fe65737a947cc,2,506410|506411
within_project,1,PAPYRUS,209286125a86c6599a1f2a337a532d0f23361bfc7b7662b65945ad2c8485ee02,2,506413|506414
within_project,1,PAPYRUS,27dc1b3affec5cc2282777d4fe4f65fc2cb14370323a893d1b572866651538d7,2,496842|496841
within_project,1,PAPYRUS,2fbe6153a261f738ea563eb078f1e2be52af76e799a50973747f340588457435,2,310968|310969
within_project,1,PAPYRUS,3569124604561717127e67d412fc49e3de40b38e392e02161a6ed1f7f68f29b3,2,583188|583191
within_project,1,PAPYRUS,3904d4a255cd6b71ee43573d65a792f4f39f6771a0fecde9064af487edae0585,2,454270|454265
within_project,1,PAPYRUS,3ff2031aa1438656237deecc26965b39e2acb8e9c18d0953b23e1ad31281fa7a,2,307841|307842
within_project,1,PAPYRUS,47cbccb5ebf8136b334dfa2be0471f09d2b8324a3ae9d2db36907ad5ec3976cd,2,502003|502002
within_project,1,PAPYRUS,4e688acc7fe652f28f9a80e275c94c1ebc9ba51739cc0b77618a4181f64fb9ab,2,459165|459164
within_project,1,PAPYRUS,8915fce4d1ad252770973cd3605843bfd5bb5f7a774796896493da14a06d363c,2,409729|409730
within_project,1,PAPYRUS,9a30a5101ea85bb57dbeb300c02ef65fb534623229feff11c309f9b69db82cef,2,577403|577404
within_project,1,PAPYRUS,b6d32f193991c5c85934a355b39913d58755ae47fa89c1c260a85195088524c1,2,526462|526461
within_project,1,PAPYRUS,c36a796610abce1dd6e7424426e79fe0d9c785582cae284edf5fb72378878ba4,2,454266|454381
within_project,1,PAPYRUS,cdb70408ad4963824e7513edf5e730420a671360aed7c71ba160c090b733ab9c,2,478130|478129
within_project,1,PAPYRUS,e2ef2180f3cf41059d29c4bd6d8bdae8c8da8223dbbde7da2149a1ea6fa58cfc,2,540823|540829
within_project,1,PAPYRUS,e8e0062c4c536f6d83c4409fc6aad955d9bd61ba0a624b57411f979525963cad,2,434598|434599
within_project,1,PAPYRUS,f49870ea22e45cc86c8d3199e1ec5531bf30f1df45c8ea825a9b625e8520c555,2,485891|485890
within_project,1,PAPYRUS,f4c27f7883eb8246e509d8ec018ee2004eb9e55abb9b60accee2a76be982dd52,2,493625|493627
within_project,1,PAPYRUS,f72557c7dbc663ca3559fcc99a0c0f3aa62d61df79d9544ff43b47903feadd79,2,347919|347927
within_project,1,PAPYRUS,fcc0b9fb82826f76bb0a2855b01dfa37bff2c638b87ef8e21d499a367954b32e,2,249779|249783
within_project,1,PDE,117a09b5559292eba146916f0e303c9100e7c8bd2fa9aef782ed795efd31cafc,4,185583|185584|185585
within_project,1,PDE,911dd4bbb5ded75a66b26cdbf4a829beafef48a6a08eaef22746c75028647382,4,89465|89466|89467
within_project,1,PDE,119809881ebcf59a4380ed86081431811ba3f846d6d097a7d7563445d55e07a1,3,152866|152870|152874
within_project,1,PDE,1caa6883811e5003352ee168e243ece2d748289c79865f81ff9aa81a46e01c77,3,239497|239498|239496
within_project,1,PDE,3dae4ff3b47f7d09da7bcd6efba77e3a64d0296d00ef41f8b8e2fa686851ed4c,3,45681|45682|45683
within_project,1,PDE,6f69d9e955882a3a9e6e73778d7316198d62a51d045c254c933d34c77609b2e7,3,35310|35307|35311
within_project,1,PDE,9a95b3cd0e4627d5cad539ed17ded4f547063e791f839dc4f54e5bc3451d023c,3,57935|57940|57941
within_project,1,PDE,9f631560da58f06c34eda6b81018129ddb0631e68d0a4b84f90ac9df6fdb67f3,3,567636|567637|567638
within_project,1,PDE,abb349312bf6b82748d4ac9bee26309a23cb0ea381171194c6aa849e3c91bf80,3,237874|237875|237873
within_project,1,PDE,c182966c4ef9a34eca03ae0f03e3d6e49e35127cdce5f64c163b3b396a12f343,3,50242|50246|50247
within_project,1,PDE,c67f341276e1792df17f5934869d1d855504db8ce663ae92e0ff4683402b6669,3,50901|50923|50924
within_project,1,PDE,f842ae74d86d3e7ccaf8bf1aa4da37da8e94c8c469bd2640a1ddb1c4d16a5fa8,3,104813|104820|104821
within_project,1,PDE,00a1b5ef12395b40762e591068c9201d75990f0018b4a8d471e5d991b558b9f2,2,549375|560678
within_project,1,PDE,030c303e4c7aaf80a60a1b13d51f9092d7b3469faff1dc82ab69edfc1f85ed1d,2,167758|167757
within_project,1,PDE,0c55e8e88506de6e9532bb0efac8913bad7c8ef7eb2ac69ce4826613723f0536,2,89132|89143
within_project,1,PDE,0e14ade1eeb3ac738e2354eaca12b04dd8a71d6650980ff8ef4f3670fb4b1b22,2,125180|125184
within_project,1,PDE,18b595a1370f20aed23c878ad9a3b661c36acb106949c0bb6fe57145b65a39c7,2,95043|95036
within_project,1,PDE,281f459370e689a662983beef05b986228bd507cef9fa6aa73202f61ee29ae14,2,39254|39255
within_project,1,PDE,28222049df9487d2e35d9fa4cd95b4a744e28c50d370ed79d17e7f70c5f7a0d9,2,186885|186892
within_project,1,PDE,2b737f79db588657ce0be253e685944251b38012d5eb59ed9f343def5a9f9f0d,2,243630|243631
within_project,1,PDE,30891e71689792b3c5d6bf14e5b9e5627482b63e915d6c61d1b41928632bf11f,2,126420|126427
within_project,1,PDE,317bac93e75c34bb3d2443a7fb6667a7b001b9e7de59f5858722c548c8d018bd,2,140906|140905
within_project,1,PDE,32b60765e3a7b41b37183a4c1f0336ce3040180bf78bce22644a2e5d477bf824,2,126289|126290
within_project,1,PDE,3937a91f88433b2e25c88b130923c3de07e192c550fea88c2cb275250f5f1b17,2,246766|246767
within_project,1,PDE,4303e5c15d651d1b1063545603d5602e32f881a1b1303bc4f1c70b47221c6d01,2,13321|13330
within_project,1,PDE,4bbfe70428d2208a74012a1055fe32ec9f874abcc75287e722048dcb83cf8f83,2,61908|61909
within_project,1,PDE,4ee95b7a0fd89515b2c267f0d0256e6cd0b0426f0bd35bf8b02e323ec7c755ad,2,43678|43685
within_project,1,PDE,59945c54be015df3a305fb09508a8b75478c66f57c2efda529a5a35161317b65,2,237876|237877
within_project,1,PDE,71ecee68de1a6c1bb4d9bdbf01279e321b221c9d713d3524451783b99dc7656c,2,530538|530539
within_project,1,PDE,7438e3734af5c5fedac104e51ea4709638426d884a934f727ac5f30ee7ba7b5e,2,98639|98640
within_project,1,PDE,78514ff17e650dcb9079af76b4744dcd8616889d228b783276176f64da2462c4,2,124451|124455
within_project,1,PDE,78a9be4194dbeb18ae555209cd798841bad928151fa7a71835b1f98c3313a4b9,2,76267|76268
within_project,1,PDE,7a63aa967ede73e9f15b5ebb95bc872be52692f6e09e406619ffa64549248183,2,17092|17098
within_project,1,PDE,7b893490451c5e89840b1d0aa8d04ffc05f458f13fda4590a556dfbf139bafba,2,107395|107396
within_project,1,PDE,7f4f6cac93c44b665201093c7660d9a2952cb16b77ced6a72ea544f98a6fc601,2,235334|235333
within_project,1,PDE,85668ac806238c97bc12f06d890d52622cdee0493d33e0c1b5a2a81ce1fa4d97,2,56107|56108
within_project,1,PDE,87aeaa7afd0e67080655b77b3f45d1484031e74f0c2eaf262494dc20e02c2d37,2,88071|88091
within_project,1,PDE,87c3e693d0b302fb2019fd765a908c697d20a19982bb06fdc021d3b7dcdd2544,2,140609|140651
within_project,1,PDE,8b7b5d98edcb62465a21f6d2af9f65505e0f73b2dbf613c6bc851161274f4e7f,2,47473|47476
within_project,1,PDE,9bf930a2459889ea99362c7a00144e4e78c002a576b88feff4b7222bd738d84f,2,560593|560592
within_project,1,PDE,a286c6ab015a40519c5534bb9b8d44cd3c74044e383b5f1693b080fc10d50739,2,168337|168338
within_project,1,PDE,a695527bfbc367aa0e118b34990d02ef939772ee3462aa4f7b423e9df02ca586,2,98077|98075
within_project,1,PDE,a711f9c1712562f7f05bbd69a3f6edacb4a743ee96c3115e1b5a7a3e0ff7515a,2,212718|212719
within_project,1,PDE,b2b48eb99ac32b1b8c9aab55e530a447562c5469c9507f276d599ab4ebe91d76,2,79137|79150
within_project,1,PDE,b31a367a1f6ce5040f0806bf75fc8c0c78962bed6c36954c1a6b5924423f4f7d,2,145756|146644
within_project,1,PDE,baa1845e6283b6e1d588264241c4f8171b3b311936b0508216626519c6a1bbe9,2,54143|54144
within_project,1,PDE,bb1f379dbc2d0e778ee8ca78f39dae3eac21b31b17f6199aed86b8e03922e607,2,10132|10133
within_project,1,PDE,be2aedd52d4c817400bdcbd06937c4b686a6eedff319ffeaa4aa29b456a3b0d5,2,55687|55699
within_project,1,PDE,c0275c3be3393c41187ee3e47329a9dbaf006e9d65cdc8848f12000767c11756,2,567276|567277
within_project,1,PDE,c1320980982166029a539197ee736c6f51d7b27f63fe953a7b2de70248862e00,2,129571|129570
within_project,1,PDE,c62b6ff55a0724dea440f11f96b5be55662acbc973ce538aea788fbf4993ceff,2,114733|114770
within_project,1,PDE,d664d34783de3cde054b9f4268756c89fa02f9b1d018a5ff1483f6b6dc5f6e00,2,243472|243475
within_project,1,PDE,d98f07ebb1eaa6f3bd38b99db3fbda5ceff4a97519e4129986a9a63b67179e4d,2,124333|124345
within_project,1,PDE,daf4f3dc55f190939796959d8d8c962481741ac9e7f384803666ba2a99c5a381,2,32177|32229
within_project,1,PDE,de90140d3c1c8216c6bf11dde20547fb924f3184de3bc79a5a287788a257e2ed,2,141741|141734
within_project,1,PDE,eda98a62ae8f97dc5faf136419f8ea9303c4dcab559c0b0259fff6f19ecba0d7,2,87842|87843
within_project,1,PDE,ee769d869563cadf5925bf5accb0f05e922ab0dbd25b8bdb8446dba32b1d784e,2,172721|172718
within_project,1,PDE,f122ff94488d707654d6ccd2ebbc51f7e366f27bb13eed2d28a192062a1ee717,2,85272|85273
within_project,1,PDE,f1eea024a534b5b7ece1a03b5e7a2cf265c597049fc003bd63a572d4eab65707,2,32649|32650
within_project,1,PDE,f3e0ebcc80ac3bb463754dd4739634441636be36aae0a5659b3cd15c45308395,2,364779|364778
within_project,1,PDE,f9e81972b4076df0a6449bd8655e88c08b2f0e69291ef5ee24cd633dbc4a5a6b,2,140762|140763
within_project,1,PDE,fb50030dba55d5e7ebc1d7a17c7a8d5a3407340747be5f5d733ae2b7e308b1ff,2,128957|128958
within_project,1,PLATFORM,3c41f331446edec6ecd27306c0f16b9a599cc48494dcad06bf93fb6f493f62d5,10,135768|135781|135774
within_project,1,PLATFORM,c3747bd31a6f50ae10459290d837dbe39d3ad393193cb6b70652237bd92d446e,9,93924|93936|93933
within_project,1,PLATFORM,dd36f891b2dfe4569276becf92e6c5691edaf3638d5bf540ae76d2420bc06ae5,7,263284|263285|263286
within_project,1,PLATFORM,735ecf69388aedcfc51bcaa9e9eec82e079a919d1559620a26f23986458b11bc,6,75450|75443|75444
within_project,1,PLATFORM,ad4486057cb8ed366dc914b392fb654ab7bb0b04317312cce976e7efaa9420fc,6,571707|575803|569400
within_project,1,PLATFORM,e65562fa628b488450dff91e22dc7cf1000fcaaca2fe679093f1468598ad2360,6,414250|414245|414248
within_project,1,PLATFORM,00b5cf48f41b595f9af1a97ba91c89f9257a4af00b05e4684928d1477ff0438e,5,546001|548310|558512
within_project,1,PLATFORM,22723fa61a5ae687233cad33b12072bfb994c514a481a408119dddcd94bc5def,5,571708|575804|569415
within_project,1,PLATFORM,5a17a04658b027038d311c5d00b4da6e6c64c1f1580454d7ea50afafaa61edc9,5,118910|118911|118912
within_project,1,PLATFORM,5ccbc3c5b4d595fe4491857df7fe55f6bf1f280fa7fab08b6c0b631b8ab347ef,5,134974|134980|134984
within_project,1,PLATFORM,75faf0d78632ac26b3602548a5c0c384e222b047ae9b33eb8509061594a1c830,5,441211|486937|441212
within_project,1,PLATFORM,b0e9213a0d09c4982fe4cded1695b24a57ae7191d8b7c32a9a216cdc8e5f181f,5,188032|188034|188035
within_project,1,PLATFORM,b5e5774acdba52e08d5425b0751d5745aa35e786c4ff7b73391f3a66be35c21e,5,86108|86110|86111
within_project,1,PLATFORM,b76a6f076881bfdcff0699804301f5c84f53c9eb75f8b5b20709487a210f4481,5,78865|78869|78870
within_project,1,PLATFORM,f3aefe62965a91903610f0e23cc8a69d5b87cea6d28e75489b0d2ca02ed7993c,5,474527|445653|503303
within_project,1,PLATFORM,fd6a21a16cb8a16d086aef059c2a39f43cb6516d96099d7025644bba36028a32,5,122168|158977|159129
within_project,1,PLATFORM,059bbd39ae6925f7d122ac170112b5d09ac5a36b2b1d0af213408aa168f34a18,4,53274|53278|53281
within_project,1,PLATFORM,17740447c6f30729290101b3727417fcc89a744ebbb4d0a0d1327b3a47040820,4,49519|49520|49521
within_project,1,PLATFORM,1778414cc4d9caffd2e07d685c44cceacbdcf85be097fb45b451ea5982db4358,4,89999|271457|70138
within_project,1,PLATFORM,1c99465590df10bdb2ccac5eb00705a102316b8e690205e7a3e22a2a0695d6b4,4,167896|167897|167898
within_project,1,PLATFORM,2e1bd784bfb408891be169337c81fa3599488ec5368ea5424a1d02301480fc7e,4,169336|169341|169343
within_project,1,PLATFORM,317bac93e75c34bb3d2443a7fb6667a7b001b9e7de59f5858722c548c8d018bd,4,140913|140908|140851
within_project,1,PLATFORM,4afc7cee6cbbeafc86a857541883c2cabe5b19c4474f186ce7529f3273c9c63c,4,256214|256215|256216
within_project,1,PLATFORM,57137c448241b929c1ca31acb5a3e089b59aed120111ef929e45e0fc41795769,4,76394|75469|75470
within_project,1,PLATFORM,5dcce60b83773683cabef2c2a3e4f1c851bb6aae738ddf76e00d8da0f78ca55e,4,157091|157094|157090
within_project,1,PLATFORM,6cc012b272cdb6d50c1064c5e68def4f7f59af16b0fe1ca23bd3ab5c272c4870,4,566691|566692|566693
within_project,1,PLATFORM,6d8d9d24c5634055da8392ad6d3a09a9f41563e10da23554bec71d1f386587ca,4,419032|419033|419034
within_project,1,PLATFORM,858a30d5b1408aa2bbf5181157f35f038ce51b8c179ea693c6e8c1d9f61a1359,4,144945|144951|144952
within_project,1,PLATFORM,b0379018217400c19fb59ac2d6f34a2495477dcd3e9a52caae68a3b18066843a,4,529426|529422|529425
within_project,1,PLATFORM,b1649ba0ef061838f691f81d1ba0823f8d8c006911981d9240a8e639c3d6b030,4,411158|411157|411160
within_project,1,PLATFORM,b195fd3df8e3a48d405ce8995086cb8f7198e5ad25ac07ff7bfd807029f812bb,4,28538|28539|28540
within_project,1,PLATFORM,d0380313c0120eda7c2a5931df8364bed6ee3f78ceae3fb74ed3c05bb1371542,4,66130|66138|66140
within_project,1,PLATFORM,e152e4e533269a97959c11ec07f61685febf92adf5766d9053cf3f2dc3a2f6cd,4,65622|65628|65629
within_project,1,PLATFORM,e79e418e48623569d75e2a7b09ae88ed9b77b126a445b9ff9dc6989a08efa079,4,454787|428831|484628
within_project,1,PLATFORM,fea266a733b07123e275347ede1060dec02d336f540b1d1befff7127a0b7f9c4,4,427361|552557|444668
within_project,1,PLATFORM,013f7f490a3d7e1456b6c3f124f3a2a795d886c53e50650e0e9edeb9a4116069,3,150084|150085|150086
within_project,1,PLATFORM,1bee5fb9d49257b9d599fd4dff30e25a7efbdcdb0097cbb7e16814becbb82a99,3,533751|533755|533837
within_project,1,PLATFORM,1c698fd58d6a30e59ba018320ce417baa09cd4369c5c6bfaecd02062650496f1,3,255027|259759|317375
within_project,1,PLATFORM,2c8217ac6844d86fa3bff352864bae14f1f1bcb2e94b5c5169a69d9104e48a05,3,48158|48159|48160
within_project,1,PLATFORM,45fe3cf37645f8034dc93ea26b775cd8c312a91d376c7e2be660de8df886f1f0,3,135332|135333|135335
within_project,1,PLATFORM,47f538541d41a180395c36a50825de06ca576583e992318d0d9b372423790910,3,78107|78109|78110
within_project,1,PLATFORM,48c77a763adf551b9a64d28de7258fbfa9dd1070eced6dec27984aab513fb191,3,482719|482721|482722
within_project,1,PLATFORM,4ce06f0f77bbb4ea4ebce5d8b11aa381ec05a195a2fe2dbf7ab4a1fca1ab47f4,3,521035|521039|521038
within_project,1,PLATFORM,4fd2115def4a17cfec4435530f5c01f75d6a4c5c834499baea0d5c331c15ccf5,3,20190|20238|20239
within_project,1,PLATFORM,505cc66235c005d00063ff4ab12ddadfb30c68720fd69d57ba885362b0adb863,3,140807|141038|141039
within_project,1,PLATFORM,513b983b40ae23a30a499273c4456be234a06b09895f02fa29e28e62cc5e59a4,3,47500|47501|47502
within_project,1,PLATFORM,52acebf41686a0ea794ff474632964d1281c4c2120702a53cee898899c3b7352,3,60601|60599|60600
within_project,1,PLATFORM,52f41ccc81dd2a05ba6d9d965d0c8e0e744316124bbbb1c4b78d029b04e4f77b,3,506425|499018|501221
within_project,1,PLATFORM,5d708fea1e88e927a462fc5b20cbd4294e1a0c9707ad4bcb7de2b00d1d0fa7b1,3,299934|299932|299933
within_project,1,PLATFORM,62570064af10b93d35efa8387172ff9c2a9a2468fc068179fbfa5a1bda98865c,3,91566|91572|91573
within_project,1,PLATFORM,65a632102806493636a0409bd59d3995252f2f59e977f777d3b13c56589c99d3,3,95605|95622|95624
within_project,1,PLATFORM,6aed66c4920814085a8ed01330a5cf4e89403b809b45f1fca9f2a0108c59274d,3,161054|161085|161094
within_project,1,PLATFORM,6fa7e116b339dc99ca043eb312e7d0913ddd600a088f03494a76e8560552b2d3,3,37631|37633|37634
within_project,1,PLATFORM,6fc478772097c394305170770cb7fb7c9a896adcd21d881cd07881a4cebea24e,3,150312|150313|150314
within_project,1,PLATFORM,74f5e06fa645125b33df5d357e7a6ad1b916074f4c4821936b58a502f18e9607,3,87880|87881|87879
within_project,1,PLATFORM,7eaf708b86d8243b639601308374d8424cc5fc8ea285710108474716b262486b,3,460405|460417|460421
within_project,1,PLATFORM,7f5aab1f6dd53c00c48c3aa7c1afeb0f9e22190e3d4802dbe88b38a1799554b5,3,25616|25617|25615
within_project,1,PLATFORM,82ea97ef30fcaa8c8393cba6a769c2626765e5a77bb79dc39f0b828c9752e2f7,3,162000|162001|162002
within_project,1,PLATFORM,9a1513ca64928f6f05b25cba06a91f42338c53df0bfdfa8e6f06ef8e6bd64bce,3,68059|68060|68061
within_project,1,PLATFORM,b3133e72fcb819f9c86eb0071753a22d5b649c6ebee4e610e94ca38b91da73fd,3,66332|66334|66330
within_project,1,PLATFORM,b566bbe9b6081753ec1ad2bf5b079c53f0636e23b10b55bd0d5b45a5b609a56d,3,78837|78907|78909
within_project,1,PLATFORM,b63869a63941499703ed9724f233634205fbd4cf284d8283790a5f08df99f3b8,3,542575|542576|542577
within_project,1,PLATFORM,b6aefdf0c989359e5fb60b9ccb0d4728cfa09a27db1142a4342621a81799eee8,3,65600|65601|65582
within_project,1,PLATFORM,c13a54c03d3beb78b6a1de64d96420150c471c06334a33c5abceac088f505144,3,77895|77896|77905
within_project,1,PLATFORM,d2fdd47ecaeaf024fc32aaa1631e4a8e74b3825768cc4b7a8e833d48c5de64ac,3,73543|73545|73546
within_project,1,PLATFORM,db51ebc4c31f7cd46d6a3c5cb4f0c4574e5180962342286631635ab62d03d2a2,3,95035|95039|95040
within_project,1,PLATFORM,e8834d5393b76790e481d6f980a8708d5e14cfeba35fb2a366defe4efb8ee9ed,3,96564|96566|96567
within_project,1,PLATFORM,f39d1e29f66d52628e921f182231309aee0afe42a67e1b0daa3a0204fb0e3794,3,90054|90072|90052
within_project,1,PLATFORM,f3f05c7c6c1fca85247319707689776a3e8ffccaf171dd757cfe0bec9908a9f7,3,27405|27404|27403
within_project,1,PLATFORM,f50498fed92b62343e879d83ac7328784519a078d570c6965e1f0d1671c1e089,3,479910|448066|448067
within_project,1,PLATFORM,fbba627dccaaeea6a613bd36d3745ca7e30d14e84b3fdead2316d59d1d7a8e1f,3,165002|165004|165000
within_project,1,PLATFORM,0010823d206fa9fe864fdf11ba4408e0f319b8af52b06cfa6e8d6c496ce1c4e6,2,427375|427376
within_project,1,PLATFORM,0133eb764f146b819733c18ba44565c44cbb23c13bb69fbd6ec0f6f9bf804d87,2,30106|30107
within_project,1,PLATFORM,01a4e4b18c13b5a78d2b5732233ea97b256d1570a60283151ce5733e4ea150af,2,65849|65855
within_project,1,PLATFORM,0316f1d76788723b7cdaeca379adec115f4171c815961f23c030265a44da289d,2,94145|94155
within_project,1,PLATFORM,03c5ec02f7ea35d9615174069b75524b2314ab0c3bc300a07b7f017161c9374f,2,29671|29703
within_project,1,PLATFORM,04ff6068bd1f34f86a4c4cc7490f49d606ddb3e5924f0e9cdc81603842f34a0c,2,495093|495094
within_project,1,PLATFORM,05177a75fcc5cc3b7aad48b3186e64523a45aa2a9c4cd1c98efda161a72c3092,2,137841|137846
within_project,1,PLATFORM,0592318f23ec75e641f3f3b47f9b2a45598a6c46319fb43d6dd28673334c53ca,2,163583|163573
within_project,1,PLATFORM,05bec6992e454651bdea9ee0250711ca5cd17e5d3af17a336bc88cdb2f86c3c3,2,63162|63161
within_project,1,PLATFORM,06edfe0730689411751b848fd37948f0c31b70fe414eae750fa904523c7fdf2c,2,70911|70957
within_project,1,PLATFORM,071247be67cab84c9c7b04da7c2dbba3ea5d9834a70c45a9d11ce24316d2d130,2,38634|38636
within_project,1,PLATFORM,076cb282767bf90e294057d522fef6d8989146f283aa06126d2a1e80c14640a0,2,124107|124109
within_project,1,PLATFORM,077507e7d3724fa3f036c8f07d378b578d0181a8d98aae75a947dacf404647c5,2,111629|111628
within_project,1,PLATFORM,082d7d2e94d8b2a31982aec6664533aed924e5e9d9a134bdbc33739e844c5fb4,2,421415|488224
within_project,1,PLATFORM,09280112895956e03f1e7d2fb183094ae97ae8d13688739ded4512c27653653a,2,64985|64984
within_project,1,PLATFORM,098da559350bba3eaae132430c5e15920d90c2248bc9e6203113ab65930d431f,2,478605|478604
within_project,1,PLATFORM,09f4887cf8f687a6cc136642e7eed27f55b7c0536572fa618d5b6037516e263f,2,117242|117267
within_project,1,PLATFORM,0a33a0f30a05def2d12f66cb0535d00301e9816f59bb05c3025169b3e935930c,2,477547|477546
within_project,1,PLATFORM,0a7a2ea549d9151a53ad8608b0554ea11594dc8cdc04b5c5828f37ed4a5038bc,2,83408|83429
within_project,1,PLATFORM,0a7c5be1bb3b1e16a3997d0ac8cf6a891d2256e95f76815dadc0b69187d169d8,2,81953|81954
within_project,1,PLATFORM,0c45eb36ea965acb86ebe69a5291c63d7b1eb95c61e0594e9e00995c398787ed,2,177872|177825
within_project,1,PLATFORM,0e79b6792e5aaf0bfd1499cacdfd309ee90e77e47a9d6ed54c30b409f550832e,2,175861|175862
within_project,1,PLATFORM,0f1157c349521bcbb3d23b0fd2726e16e3d852f129bf1643454f73a49c39e387,2,74488|74489
within_project,1,PLATFORM,0f2f1ae4cb755d8397dc203a5b5190b5d8ab74ad2f0d848ae45e9227680a8389,2,85669|85668
within_project,1,PLATFORM,1062d25bda554400f5da822b0bfaf30fe6b0046f7999c56f3cc48cae00c242ec,2,18199|18201
within_project,1,PLATFORM,10ab1f52835a88faa921f5252f218f7c913f74672bd0e698f060f6a1d086e349,2,100252|100251
within_project,1,PLATFORM,10b6a2cceb557318760f4f80236a62a78296eff965c9d1a3e6e0677b9fdb5a6e,2,63910|63913
within_project,1,PLATFORM,11110af3bfa4f8f19c12caa9c20a71c1a1f3144a73610999ed7401551aa5c0e3,2,133815|133816
within_project,1,PLATFORM,119dbec719df62d519fcf42c8076b340346d0327ee187bfeed975ae81201b34f,2,342308|358470
within_project,1,PLATFORM,1230bde7446bceb17652eee7be630df8391a90b45f04cbc8e03dc77b15f626e0,2,98515|98516
within_project,1,PLATFORM,12bc324afdaab34efb951a98a7c0d9217793cfb1ae210839281e1f1bcc9be66f,2,300953|300952
within_project,1,PLATFORM,1339d8ea6082835b496b0061b63cf3b11b28adb3999d9f9f23df82d683ec692e,2,63191|63195
within_project,1,PLATFORM,135ac52b19475c68b07466aca98493aa5358ee70403a299d1cd83bf4d29d1098,2,42513|42512
within_project,1,PLATFORM,13b3b7d2c456fc905f593d442b5876e69b3c3a717bc3dc503726ff7d538d4349,2,124840|125128
within_project,1,PLATFORM,13bff8b638a6faa577f7ac35d046946f2fd19fbeea3b1db3b18904a2127eb3ed,2,40200|40209
within_project,1,PLATFORM,13e5af42f29001e445606b38e3031ed7f1b01a379efd27d31573e2f9b086af5b,2,497490|497476
within_project,1,PLATFORM,15f58aed55fc2f75f5088c807670ab4c189afe0494ba0ad861bf535221cbd8d1,2,33387|33386
within_project,1,PLATFORM,15f6ea514430964cfd7f4146382aad0b898fed24f70c7884696105219c5d9dbe,2,99285|99283
within_project,1,PLATFORM,1643c84d9230fe658dbb49ef3daefc83ca5657f1d6187ae8e10e7ac8584d402d,2,487395|487396
within_project,1,PLATFORM,172c91f4071d47160daa88b5d536d07d04f7367a49a2c77521259f8e15aa83b5,2,67055|67056
within_project,1,PLATFORM,17745a00938e1dbdcb5e128c1b450aba38e5a9af8fb94119be0ebb811e132d92,2,136903|136908
within_project,1,PLATFORM,17ee288a8e9e221162fee5123de85bb247a382bacb490f8dc832ecb8ff64d369,2,44881|44882
within_project,1,PLATFORM,1a2b9a688a4c5c13d4c5d473dbe54129133a464d301d226b4702fbd3ceeb2e4f,2,518569|533788
within_project,1,PLATFORM,1bf3d5250e6ef4e80f84ec0fdebe28b153b7319e7f31c00ea50bb9a7205a34eb,2,55026|55035
within_project,1,PLATFORM,1bfc2f0de98d546fd8463bdd9e0936d4ff2b4f2abf4cb0cfad327ade31cc4887,2,117907|117909
within_project,1,PLATFORM,1c6d1acbeabfffcf05d8f51ed6902e59927b5e3f652272962e2bc84527e6dac1,2,31510|31511
within_project,1,PLATFORM,1d11a8d3eb1c6a6dcc61ec82eefdc735d2cee1fe66c96581ec6f1b870677ac98,2,72446|72447
within_project,1,PLATFORM,1d748fa34abfe03e596e987d341730f5cefc7871ae99399d130e551160859a29,2,37347|37348
within_project,1,PLATFORM,1d835559e312cc1b97900a2dbc91480772862562da08968a3f41867cedb30fbb,2,153429|153431
within_project,1,PLATFORM,1d8afcd52b6406143bb0e2eb57ea18d915ea4cf8487cac14412e694c46785e06,2,44721|44722
within_project,1,PLATFORM,1f29b48158bdbc233043d941398c6e29cdd684e9c0114adf46cc287ff216a410,2,429024|467001
within_project,1,PLATFORM,1f90122be5fce4a1b0873e7badf44c3ad46b8321d63a66d1a9e9ab21d38a1778,2,87366|87369
within_project,1,PLATFORM,1fdf4a673926749e5f7db017c7b229a726e93381ef9180c6fbbf0fd9e3f5efec,2,67853|67852
within_project,1,PLATFORM,207756d7a095ed7e18b23e262f5744e9bc1fe2285ff72dd987a2a7a3581350f4,2,161594|161590
within_project,1,PLATFORM,208056a38fc1ee92761a5c3f9c993f19b4af8ead4512a463d1cedfa769121f1f,2,169705|169701
within_project,1,PLATFORM,21b478091127b6ca6fc12fdc0b2fb822962793bd6d49acdfb81eed8e6491cb97,2,430067|430068
within_project,1,PLATFORM,225e48f3139a125699630b8eaa6f8c95dc0cd27f8763483f3ed5a973f7974fda,2,31437|31438
within_project,1,PLATFORM,22c44d3a6ea72e53b17121a3f9f49eeec14068c155dbd3d460aa6cb0686e543e,2,128493|128494
within_project,1,PLATFORM,232dbd4bfe2a30c77a81c68866bf8846de715849978b6fe001058a27c13c6d9e,2,24494|24495
within_project,1,PLATFORM,2384c77a9c05c7a66a4378d7dac309a1a6b37069b8855219e7ca8e5b4619b9ea,2,27166|27172
within_project,1,PLATFORM,23a84387023c136ad06c7acfd609c12e0942f55aa298355439e74f723344de99,2,488969|475977
within_project,1,PLATFORM,23dcfb49dcc9ee31506705ba689f69900efc6c3fc1b2c1f0b829d38e314ed493,2,46784|46786
within_project,1,PLATFORM,24bf4862872b16aa23e573d48e23d9e5833c94f92e36c67582475feedac8b923,2,509583|509582
within_project,1,PLATFORM,24df29cdcc2b422d3146bf9c6e3413dd3f28b5e66fce8aa3ef7c118d830720a6,2,150253|150157
within_project,1,PLATFORM,24faf7c75910ecee0e156e6d64728dc1e45ef1ee86499d911fbc9cbc11aab9d3,2,117408|117409
within_project,1,PLATFORM,25809199936cbdf97da13afa727ecc769cf53e8d3042f088ff04019f351c4495,2,532977|533742
within_project,1,PLATFORM,27ceb71635717a66140dd5b083355207399ab0c5b96d299beae3d65303e45fbe,2,570391|570392
within_project,1,PLATFORM,28a9f0ef780b3d6232326b2fd0f7a1335eeb8d29169536b99830d1244dc8475b,2,56626|56630
within_project,1,PLATFORM,28cb25ca74a695edfc40631fc41057faf497162030ed4d8dad2db7fd436e1fea,2,165227|165286
within_project,1,PLATFORM,28cf4801b263cab0118d0f1789f2973a473d578d2336748436b683685dd48e63,2,105102|105071
within_project,1,PLATFORM,2957fd9d0aeb23d25e7f60b53f23e698a482d8ecbdd2c79d6ac0926412b0b4fd,2,150453|150455
within_project,1,PLATFORM,29f116d1c602f5d250f61c8fce29d327bce6c1dd07c1bb41e449bea6c44b5b9e,2,110223|110226
within_project,1,PLATFORM,2b50c9417d6cb0769acc2e5a332026188686ccbc9695a533979f262f075b0828,2,48133|48134
within_project,1,PLATFORM,2b5172594f094648b1fcab159c734be67d693051baa7dbf90eff84712ddcd8da,2,459938|459939
within_project,1,PLATFORM,2bae903a3f961a4e89d69dbc5b1322c085aac7f3175a63d55650c8feb2591e29,2,146251|146257
within_project,1,PLATFORM,2bb8ca726f353925ced98b56c4504f123167dd974bc69bce734deb714489456f,2,577357|576614
within_project,1,PLATFORM,2c3a2bf9becf140357d351c0ef6a335dc93b4c2d28e011077a19e23e59f7c55e,2,568226|568227
within_project,1,PLATFORM,2d0d0c82a3d0cb468f8cd38ce316af26814a6ef8bdf7c98709616d8c08904d15,2,97872|97868
within_project,1,PLATFORM,2d7038ec643c5c59f0386092d7b91863fda2b58b583d9c355ec4a7c82b963064,2,187155|187157
within_project,1,PLATFORM,2df0c9cff92704ce1c29bbcf3d251a362f241d964c4540708dc6651a11b0561c,2,32777|32783
within_project,1,PLATFORM,2e4ded6f9e70f5f850725eeda8b4efc27c9c61dfbb1bdde7998798ac4dcab9f0,2,474855|474856
within_project,1,PLATFORM,2eafe86a47934659553c0b603d8df352198cc2423481b614ef9ca244127ca842,2,11301|11299
within_project,1,PLATFORM,2edb9776b9ca7f70a66cd0e25cacbe571b2d7ba6c05b707441f4156655571f67,2,490647|490646
within_project,1,PLATFORM,2ee6f98b89fe0c9e97eaabd3f9c730cb6f9877cbb71cdcfe599d049d12723e8e,2,160453|160452
within_project,1,PLATFORM,2ff99c2dae620bef4f9febf12278530046b88f67827a58782f651bbf40646083,2,416295|416296
within_project,1,PLATFORM,3113349c36f752167245cd59b1b4e6be1d2460e8d3a8914675a3677cff038d39,2,564035|564036
within_project,1,PLATFORM,319bbff98245f389be8ee40bd380c477a3490fed0cfb471365c1f924dd5f878b,2,431242|431241
within_project,1,PLATFORM,3232267ffa889114fd1ad209426fe90bc3df00241efff88eff2bdbf76cb9bc52,2,345760|345761
within_project,1,PLATFORM,326ebbfbc24af2a7d487a3e5389ee458597c7b212face53880a59a338d19292b,2,82082|82085
within_project,1,PLATFORM,3288bdc9effeed6af47ddc1a8168e46e8498112db97ecee8dfea90e39e20e51a,2,173775|173776
within_project,1,PLATFORM,33259440293add8a70299fead1e84780268a65e78bbd86bd1510ca763820d43c,2,114426|114427
within_project,1,PLATFORM,3472e356d32e91dba7fec14a5ef3eef9e3f4538d69472f81075aa00b292ac070,2,270071|270072
within_project,1,PLATFORM,34ddda7fedc24161268c0b581722d8de7608e3b1317b35e98f7235ad4a59ef00,2,114337|114336
within_project,1,PLATFORM,34ef2dbfeffcdb972a1e76d36edd29015715f968238782d51d446f449b79940f,2,565636|565635
within_project,1,PLATFORM,350b913fb5de9f482ada163fdefa278da659a743e0946a8438508524e4fe0c66,2,44273|44248
within_project,1,PLATFORM,35588b0e067e5cb693088bef427c35eff2bf7810379b813a733486be2e79421d,2,70967|70966
within_project,1,PLATFORM,356b0a7388fdef2ad1f782ce7628ed993fc2ce2be5e5e7a012af033af725064f,2,67226|67256
within_project,1,PLATFORM,3570b3ae71a4104aab726dafc6870302bf4c027e91be040d9a18f0586eb5bb69,2,28291|28288
within_project,1,PLATFORM,359d22be8520a1d1b8dcd0ac5ac921685729e9b410c1eb093f3ad9c722bf25e0,2,65644|65647
within_project,1,PLATFORM,36f36357892e3fe55e34b42c3bdf2487808f35257f36ad19a8babee3c03f2c16,2,36367|36368
within_project,1,PLATFORM,36ff8bb999e44538b24fb8b9c2abc722fc950d80d8461ef884a2919c52f1331c,2,28145|28146
within_project,1,PLATFORM,37543a8ab3ea6f820098c8f54f50c34ac9b066cfd1d378c6c797a42497bd5699,2,36135|36138
within_project,1,PLATFORM,37bcde3f63e65f07f6a316281df36928961088edd5dd3f5a08d9d0595c81a02b,2,36152|36158
within_project,1,PLATFORM,3810fef2afe7ab3da5920e59e527c1da2d0f8440a94770c782c52c2b59cfb29d,2,33449|33451
within_project,1,PLATFORM,38d11804a292cc9e57ed90dcbc061ef8b13c6dc69e375a0da5cdbcafd0f95b78,2,566698|566696
within_project,1,PLATFORM,39475a6774bb77ae602dfbedc7660c2778372df1a2a4e20b33ecbcf67ae43991,2,225096|225095
within_project,1,PLATFORM,3949c6eef9ba6d3289b3dce070528b77a305908ce7feadbba8be7451067f1057,2,124762|124783
within_project,1,PLATFORM,3c6a0b025680fcde5638dfe906cc523ea1e38bd4e7d266e6b9e0f8070601304b,2,134304|134303
within_project,1,PLATFORM,3d2298d990eaef87c6be51113ef4de4b8bb2783f9f590c973c5ce6462b40ef4e,2,535501|517707
within_project,1,PLATFORM,3e51e678bedfc2e089afc7125f306c04d2750030c39574e46aa37a853b943642,2,172792|172791
within_project,1,PLATFORM,3e7fc2cd722506fdca02d026219afd68c43ebb3bd1b37a892ff2b1f64b7d70e0,2,54472|54482
within_project,1,PLATFORM,3fc85d30baf1f662c35ebf275b10c0885ad75fdb20f6ff77df6ca459cd3d6d66,2,35700|35719
within_project,1,PLATFORM,3fec31497b4423e003abc6f1ef4980305ddf13b4bb3afe00ceb70c6a379b4151,2,32507|32508
within_project,1,PLATFORM,3ff09d7050a1fd07a4c0478695b06cd11b768aa95d30fea62639857d26defcc1,2,169819|170162
within_project,1,PLATFORM,400e785daefaf1a4c76d3fc8cace2efec82836b5fa97a2f9c55c61be026def3c,2,458549|458642
within_project,1,PLATFORM,40a7379c1889faab12a7d7da2ca56f338aa25b1dc204977f3718b1ae73a841b1,2,41263|41264
within_project,1,PLATFORM,4139409686e459a0561bbffff8d7b7a0313e8703985d65d0dc27f3591db6b3ad,2,239772|239774
within_project,1,PLATFORM,4228a632fd2df2b88c84ec7d1e262a8980d18c3a94f04cf0fbd756b6b16a5bcc,2,49459|49460
within_project,1,PLATFORM,443e26c5a664d649aef5af9889db853007e6fb653b83d4c3227248ea9ece836c,2,75178|75179
within_project,1,PLATFORM,448dc49ec8289e47f7bbd8cfd05f21b8e1eadc3435b67e4d4b650b7a0b49f23f,2,415004|413948
within_project,1,PLATFORM,4514ce3a10e8fee50639fc14ad1ea6f419832e04f319d5784fbc67c21d95dad4,2,83145|83180
within_project,1,PLATFORM,456e05f2eba52d164b89096e068c1e4ccc44465c5db1d000332cd2c50a0b2571,2,97961|97959
within_project,1,PLATFORM,457fb75ed835413c1b303d662158822c3a68749d93df6c5f7827c405358a898f,2,84301|84300
within_project,1,PLATFORM,4702c831a7033024da8515b00d6660ae8e18e7bb4a0090a82bc8c0ca3409f011,2,60805|60809
within_project,1,PLATFORM,475bc4a2813522e49033de532982350e0afdb3d2cd84fca1257028db71258170,2,207687|207688
within_project,1,PLATFORM,47683ad018cb4c7b2e3afdda2c44c5b60c1e8bcd2f5271f895342fc05713c3cb,2,88738|88740
within_project,1,PLATFORM,492998ec4705d057b4907f1b80c25069db9ba786ac557eebe70c08856eb37f20,2,138194|138205
within_project,1,PLATFORM,49ba6b0c5ae2ff89754346510b14697f2075c21dea90fac6464011ca0156b91e,2,164267|164268
within_project,1,PLATFORM,4a406f9cfc853b7a56a642bec191dd84472155e969e9b65ce7d93996bd4e0dea,2,78407|78459
within_project,1,PLATFORM,4bff5d9c4a63c4db14905180d2f392cb5fc5f8e1057f1cd0bf7e146b8cb8583c,2,575537|575538
within_project,1,PLATFORM,4ca0f77ee0927ce882e3db097355abde4f7d9f3dc88999cc85b6167b87a8931b,2,92208|92204
within_project,1,PLATFORM,4d1e64978e25ca2ad4475a54b251dc813ba3788f6370e8fcec322497fba29b20,2,373403|373404
within_project,1,PLATFORM,4d7c6c8863d8b043dc4694369090eba997635165980f3ddcf32ba1ee5092acc2,2,148597|148403
within_project,1,PLATFORM,4dac7c733df40f51bf93fdb8ef86258a721e07ecf5eff1ed6759f3c16e9199da,2,180203|180206
within_project,1,PLATFORM,4decaacd167b3939ea742de7ea8a19ad4941331b6a1f24b78001e9ea9dbb875c,2,58089|58088
within_project,1,PLATFORM,4ef142ab688fc86cb9671952667e9a1674128fe3a6a7822e11e4c972bf85de33,2,33676|33677
within_project,1,PLATFORM,4f672fc79fd3099643692d5635e7335a19d53c69d0ce7d4cf489db8ec6a3f1fd,2,126027|126069
within_project,1,PLATFORM,50189e4d68f9515cbac7643208c5bfa89890b8e02168cbfb3036c06c0328c3ef,2,97104|97103
within_project,1,PLATFORM,528998dc36a210ec8c7b2a9f32b7ccd841ab259061d9820a037fd5ce4130936b,2,96912|96919
within_project,1,PLATFORM,528a6d3536336766fe0a922faac7bfdae4a517edb296c3f6815204a854c4cb3e,2,548612|548613
within_project,1,PLATFORM,5326e4e7548e14493df17cd8e0e576c42e39a159f0f951ab45fd134a960917e9,2,76833|76834
within_project,1,PLATFORM,533c569751a25d9e37eb9496fd2f16f98803bb5a1beb73fcd707e2c27be5d261,2,165038|165036
within_project,1,PLATFORM,53db1d2c971f8360dbf516e2ce15ea21a4d6ec4b56a3ac32733e7d19981b7128,2,465759|465760
within_project,1,PLATFORM,5431913dcc6cb6ecce75d973d3e85e34fa2627847c0b29474f6980d9f6f28a61,2,62407|62408
within_project,1,PLATFORM,545ef9dfc544d95dda571636d33915bcabd078d72db7ac658b8862f1997e54b7,2,68589|68595
within_project,1,PLATFORM,54840a61718cfa3ccdd073e2c066c289e9fc3feaf2d73d2f7f9d2602b4caba97,2,40150|40151
within_project,1,PLATFORM,54c1e5944a54e77c33ca187e8d1dceb9c1710d168563a9815b679bc8a9436155,2,99795|99796
within_project,1,PLATFORM,54deeb8fe35ae0c26cc958e9941f545f129f56712e06adb7d7d103f8becb8e14,2,50420|50421
within_project,1,PLATFORM,54f062ed5effb4f114da726d2787ab30287fd11b98bc3a412bc3e9bc468f63bf,2,553340|558390
within_project,1,PLATFORM,55c502f1397a895c80a3b3f41a3c8c978f9b73b4a454ec0eb2875a1224f7034c,2,55044|55046
within_project,1,PLATFORM,56f79386238574cc7e735371d918a8d66e91c7137ba4bbf8a610423e45f350e2,2,116248|116244
within_project,1,PLATFORM,580b2d9aaaec4903bf863239e31057834b23162bf585cdbe514599b3eb7cf5c0,2,30178|30177
within_project,1,PLATFORM,5810e8c2f9018276fbec8824b0ca5ecc7f4ee340cb8d5c8251475156752caa7d,2,50261|50274
within_project,1,PLATFORM,5e26df1e7885a3ad86e7771e700b95a91b3617b3f16c33a9a4cd4c3b3e37e04e,2,577325|577324
within_project,1,PLATFORM,5e7076567bc6082fa9a063328d7315f9f7d951fb5ecbf7e7babe6f986b9b5547,2,111601|111602
within_project,1,PLATFORM,5f2e907d82baec4162e6eee4cc9899cb1485d617410e0394d638ae264cf2dcbc,2,360784|360783
within_project,1,PLATFORM,60a821ba09ac6a3b922e119d05c30e7ae7de5cf753069937f8af797c3cea5647,2,544594|544595
within_project,1,PLATFORM,61dcd6caca18ec63c2423f55023be5e8c4ee36082030aa0ae5304b4fa4498e18,2,431452|431457
within_project,1,PLATFORM,623dc4091ce2fee853f5047e82b4dc29b150dfbe743e4560ee3071060dcfe26d,2,508502|510626
within_project,1,PLATFORM,64b63827fd7d484d750f6e80aefc6cbca33070db83d0fbe7bab59792a3063ab1,2,163066|163067
within_project,1,PLATFORM,64b9c3e717cc3c61fabd44d8a9a140c710c0f6afe0ad3031177c98b5235220ab,2,49257|49258
within_project,1,PLATFORM,66c33eeeda15844414d3a1fd4655299b1dfbca6ec12c9810a8516958fbf44cb8,2,173096|173089
within_project,1,PLATFORM,68dc32180ccb35a057a1b45c62baf5b2bf74aa5f09cc9d15ec5d8067a05a87bf,2,52098|52099
within_project,1,PLATFORM,6919d87f9d47bd7c0f8b2a9640ba5091df09627bc58382e3f255654025fe62a0,2,151032|150920
within_project,1,PLATFORM,6a49104c87353098c13023191fdddfcb4e4a1a0bda2e1f1ed496a1c90d631a86,2,488871|488870
within_project,1,PLATFORM,6bbf0460f92f062e4acb4a212ba64b09e93ece7cdb313323efa1c2004bbe1db2,2,300350|300349
within_project,1,PLATFORM,6bc76e40df53e2ec22718238d938c7447b5dcce2b2725e966ab0c8e0c4603919,2,102887|102886
within_project,1,PLATFORM,6c64e7d9d687ce296c6da692083d4fed251e5ea593dfe7145401650bd345a586,2,6292|6293
within_project,1,PLATFORM,6cefbe493ae22060e40af4413838aa0a745a3a32af2493d5f10f58a171cc216f,2,6193|6190
within_project,1,PLATFORM,6d15f5001d9b971f331198e7181fbf3e89135231a0c053ca18085d3bbe6faad6,2,57639|57637
within_project,1,PLATFORM,6d3787cff493de1a950c65a4f9bebfe3ea95c713fb5d14956f5acf819cc340a8,2,61604|61602
within_project,1,PLATFORM,6d7da19f252ae05988e77dc1536583121e62d6bafb84e2584323db8979a7372d,2,105834|105835
within_project,1,PLATFORM,6daaefef47fa7ee107c6bf486074485343a91f8603af5b90ff5125e9ffcb2559,2,68680|68681
within_project,1,PLATFORM,6db0614f5ea8a13c69d352b85264eca1e46558e21cb18739b5421107313687df,2,75978|75977
within_project,1,PLATFORM,6e1622bf067b570ccfac982af6a50e3591b69fd35875d89ed361da29708bc3c5,2,28419|28421
within_project,1,PLATFORM,70cc9674b7a4c7479012d6be5f55a330ef5c8cd75e6606d2fc16ba3a49af9899,2,25633|25634
within_project,1,PLATFORM,7123e1a826241e02acfdaaaa34de007443a9d3b94910623db666d389a992b866,2,65613|65641
within_project,1,PLATFORM,71828ffcaf4a67a5c383a76102a8c157574dc4ec7e7e18e3b9c8f80ffa66d343,2,81472|81465
within_project,1,PLATFORM,71f98ef84fbccf2c48357841ad65a4d77b4834dc4ef18acc4e9f3211366aeeef,2,145453|145586
within_project,1,PLATFORM,71fdeea853ca0d4a17a29443acc11b4da6819914e70fe3a39ea8b1028c15fab5,2,316710|316711
within_project,1,PLATFORM,7259c2cefea2043d2232711ad99c4409342b392ea7ef3831fce738369ca9ca60,2,27368|27463
within_project,1,PLATFORM,74311e75a36f5a28b7d7872e1967ca0015651ee5dd0d2bce861e50dfeeb65af7,2,497646|497672
within_project,1,PLATFORM,751cde1ead9c6db3629b45026d641aa06d90ef58b3e646ed31c4e4415cba2c67,2,149647|149656
within_project,1,PLATFORM,75500b7d14f72abf2e653f4b7e214163115992cc120922d64c0497dc79524e09,2,68106|68122
within_project,1,PLATFORM,758f7e30c7399ce7378a09157efff0283258d54ad8e4788c260b14f1d03ab5e2,2,107177|107178
within_project,1,PLATFORM,76994f4a8b6603686bfdaaf707f30055c5fe010e999e8ffd165f4b1e8184d53b,2,62238|62237
within_project,1,PLATFORM,774433916b8a7bd2d7b94aa9b90e04b32bfc8456ab512149f2c892d5b18fde45,2,132710|132711
within_project,1,PLATFORM,77d75083cf1981cc0bd9b412194d489f12a0b7b023fd4d92dce2c07641748ac1,2,188122|188121
within_project,1,PLATFORM,7a0e387dd76fb278a1081c5e583c5979ca36fed28703db5fbc939851bc0b2e45,2,37413|37416
within_project,1,PLATFORM,7a136e15a58be3ff4db1d52de320389f9dc8f0ee8addc54dc0cdc35d412f4485,2,578049|578051
within_project,1,PLATFORM,7a41b27039d938bd7de73d86927be43bcf545a691af72706aa9c10a9a886ff89,2,61215|61207
within_project,1,PLATFORM,7a776b129272607496d470524ec6ea4a05d69e50635c6b0b63ab01d72bc6271c,2,242715|242716
within_project,1,PLATFORM,7bba307918480ad7150fcdeea3415e63c9187523378a314a2bb9e18ab2f17b9f,2,34578|34579
within_project,1,PLATFORM,7d584ae30052dbf29929bc8a200058e2792ea163b9f51ba9b7d3899e0e551223,2,411057|411054
within_project,1,PLATFORM,7d943dc9542ecd18d38be48317f49e116a35010a812e17bc07b55ba562bfc50e,2,81630|81629
within_project,1,PLATFORM,7e8cb94ccd1068dc74af33b7d38b724d24a07fd3cd5db28b2c3b307ecc96c6ce,2,77755|77758
within_project,1,PLATFORM,7f929f0a735082a11b8192b77569d6fd4c6fb24a6b357b29b1df95646b8c4a98,2,187624|187631
within_project,1,PLATFORM,7fd75ef5796a326fc94bb238d03f9a238a601975346eba1de6f9a2a210e924e6,2,35077|35082
within_project,1,PLATFORM,806dfe6bd809477d5aa7e2c72e05ad5c6accbd146af4ed86e56aa355844dbb94,2,141754|141756
within_project,1,PLATFORM,80ade917350830379576ce5940738155f2fdd0b9b8f9673638ffda4b048d4031,2,35669|35684
within_project,1,PLATFORM,80c83ab73b8c7a6ee750d316255f131ba5e8d909f131481f1a75e1b9c2c8cda8,2,25964|25965
within_project,1,PLATFORM,81160f9dde05f99b8221fc3af8f13deb82a87dec2f4de2808572b328dfd79a3e,2,530797|530799
within_project,1,PLATFORM,81bf6862a40be2559738e56e97ca6b72592411568530e816eb9ebb114b8f5658,2,23043|23041
within_project,1,PLATFORM,837f6f11209b4cb1705f36fe195df95b33e3cc2629fc28cf4351379165a2ac31,2,73673|73674
within_project,1,PLATFORM,83cb4f78de16a03949794681bc5acc1d56dab0e00ff155c425ca580dfc214502,2,73743|73749
within_project,1,PLATFORM,841bb6d151d3ac59604e18320ee62f2bcb559a98eb14fc436e1d373e33315059,2,88152|88161
within_project,1,PLATFORM,84a9261251d35f168092d7d115336f6611b56c2e84f7a42f597aadea8349e512,2,35842|35841
within_project,1,PLATFORM,84ca4b035849b208b5ff381976c04b9985ad27cf8508647675a24868b64d0437,2,26395|26396
within_project,1,PLATFORM,85c501e84c86b3e528b0c5a3ec8ced4b3bed0607a986fe65caa2175b71a2b3fc,2,88359|88374
within_project,1,PLATFORM,86e8e76f21f71b2e3cee950dda7774eba734fe28b8bff6a71559fcaf17521c49,2,32407|32410
within_project,1,PLATFORM,8777af8f6e2eaefefe52252620191057186618e460c7f24e85c3551007db3f63,2,126798|126804
within_project,1,PLATFORM,877a4d9539b49d8351cb013c48f982b2ab1f1a9623c08817c90c399ae65fcac9,2,71645|71647
within_project,1,PLATFORM,87f3f1e107acc1f5d94974109344b3178a8d6e6443b2f8fe6f021c600af64ad4,2,16110|16111
within_project,1,PLATFORM,886ff5202478b92c766733afc7d60a79a7d2a40aa9cb9a6ef6c2ed57f6946ac7,2,17724|17725
within_project,1,PLATFORM,88f6dccc01a5286f38e1ec0b377d3b5207d134389136a637d15b7906deba05e3,2,189046|189045
within_project,1,PLATFORM,8bfee34af3204cd925edfe99ff3d5bb02cd0095a7efd5e22fe8e49e990950d4d,2,299480|299479
within_project,1,PLATFORM,8ca0ab3d5130a43a5f2b2e71af9da4aa8ba66d96e0d0b317652acf445c109e3b,2,136977|137027
within_project,1,PLATFORM,8cd75c8d7024f0b74cdb7b37c91bdf422213ed5e7eca135c2422aa42e3a2b87e,2,96770|96783
within_project,1,PLATFORM,8cf350342fd382d280d1d59c43b7a7b04ac1dadfb812d3126b4b1712e379b561,2,441214|441215
within_project,1,PLATFORM,8e6d03ce76339370d929e2c6415608465ce75c794e718aefc3cf81a10dae1cfc,2,172812|172813
within_project,1,PLATFORM,8ff391e262a6151a8b2c2e2671ba9f8fd863de5b7341766dd4499e8a885fc9b4,2,40230|40229
within_project,1,PLATFORM,90577da2d867e2a00e65756bd36068c00fc2c1f9d5767fb737d313707c772dc5,2,559040|559041
within_project,1,PLATFORM,9084c14abc69e9b8b0a80f3b4c38ee53db8e625aea5ee218fa7672630feb8777,2,30772|30771
within_project,1,PLATFORM,908e40004ea8e31e76fe3309452a668a83ff9da82146d875152c967688785b25,2,101128|101132
within_project,1,PLATFORM,91046df2aa008410555df240b14243aa348b37cd16582c9d8a80ca305afccab2,2,458207|485097
within_project,1,PLATFORM,920853de868c6f11a2be9447337023eb295e177e395a1b0ee84991d67146462a,2,571492|571683
within_project,1,PLATFORM,926488f51a549e4e8f7a03659802f3bbada8346676eb216111cc7c5ac69febb1,2,18545|18548
within_project,1,PLATFORM,92c549a12ab89adc5f4795ec2b21dac277390d8c1de4a741b1a80665d27fa369,2,139266|139270
within_project,1,PLATFORM,92e59adc94695e953a1fefcc37156ed6eee062d7a9503b7e8fef16e5a1d1642b,2,30872|30871
within_project,1,PLATFORM,933b084782cdc7ff6da1ac3a19e6aa5262f8de77a96b4ec74436eef0725f6249,2,61828|61827
within_project,1,PLATFORM,9352cd3c556ed4d4c6d53c97fa0a6cdfc1ea383234995758b024f7325f98a962,2,130102|130101
within_project,1,PLATFORM,9406010c16ff1ce49d21e2454b7b97dfafec5ab393440486953a6cca206c086d,2,182611|182612
within_project,1,PLATFORM,945b4db0b446b885f9d63d892ad56b1ce982cdae770b62a9eddcc18a253a5fa1,2,36182|36181
within_project,1,PLATFORM,954ff496cdfc223ccad3bbb3d9e579f94900243416796675e4fae5f774416adc,2,30014|30016
within_project,1,PLATFORM,9568a67caddff0b3b17b562ef6dddaedec91a7a2be7d476fa4f7c5f7ae0cecad,2,577771|577772
within_project,1,PLATFORM,95a991729b1248ffad376707e9233f423a43ffe9daed37f4b65f7b2c2f1f9c34,2,108832|108926
within_project,1,PLATFORM,95e79ce52e626d05b871586e4576844abf7bfe1d385383ef572b6405d92c4423,2,36311|36312
within_project,1,PLATFORM,96e372e7ed741f9103696e2c332d53ab29106f225bb70c84c34fc14b25002a44,2,145051|144968
within_project,1,PLATFORM,975c306cad5e5c4511b17630ec6e0b971a55dbe5ae8cadf89edd6cdedec350b8,2,95087|95088
within_project,1,PLATFORM,9c56d8663693be289ae3a28c11fad3b229bd79e0158bc818d32479cd7ddbbc39,2,530187|530186
within_project,1,PLATFORM,9d0aa1b7a15339a078d0fcde2a01414752d88d5a0e42051bc7fc15d7d4807948,2,66115|66111
within_project,1,PLATFORM,9d34d11d47d9fc1a2ac2a946cdc8c942e8c1a0a4588d21896ff9da6d9ce791c4,2,135037|135040
within_project,1,PLATFORM,9d93e5c1a646e04d1bc8506e205bdadd4cb485ffb955bbc77261ca421bf2831a,2,274862|249527
within_project,1,PLATFORM,9d9f05c1b9dd93ba51baf96eeb499f722f079cce166ac5766504b066d61e35f2,2,424658|424659
within_project,1,PLATFORM,9da24074969c94c000c9c76627c4768744aa99e4ab73728c6f16ce1fa8dbc989,2,482711|482712
within_project,1,PLATFORM,9db6aca472802b28b17893618b7abdd34ce472fd51e8ad751c1cff6e78a374a8,2,107674|107699
within_project,1,PLATFORM,9e7268363a7a3dc5008f7e700cf41d059ed677eecaaec2e4e7a71a5d5b05d570,2,497548|497689
within_project,1,PLATFORM,a1724edde3502d30f8e1a8a315e3d32b98a3b694020d2658e8aaa2983b2446de,2,316618|316619
within_project,1,PLATFORM,a2257f5a79d3f526203e93db1a04031d4dfae1981c9f957bc7a804cd35d57364,2,57244|57246
within_project,1,PLATFORM,a275386d2d4b59b04ce44bdc6dcb27c5188d150f7118b097d91c40878a77266c,2,169338|169346
within_project,1,PLATFORM,a332c1876983d0f9852181915a07884f24decb8ad22fe6de50ec7ad5e528329d,2,46953|46954
within_project,1,PLATFORM,a34b450fd8b5a98b6f229575c59f3bda6627b410a8f36b61e3cad10c44c6a9a7,2,10264|10262
within_project,1,PLATFORM,a400e0b531a9cc879089bdc76cbfea17b68934be67f4c7d4c5888f81c96f2d67,2,124341|124338
within_project,1,PLATFORM,a4315729bbf863724cbbf117929a9b6401006add13e7400cd7fe0874e4e90606,2,136455|136451
within_project,1,PLATFORM,a487b122d2f2ab8bfb3748104bba74ab280bf7d1f78a0ce5d21bae6d99584bec,2,403308|403309
within_project,1,PLATFORM,a4ed869b4964d96a2d8ef4d6958b409b2747c1a157dc7bb8e57ff5a9a1e1a301,2,93227|93228
within_project,1,PLATFORM,a5b28af432de2caf2afd849d2e1ad5cc42b98176fff0f28c87667412393b4bbe,2,59116|59117
within_project,1,PLATFORM,a638b3e88846574b921c906627476c5eda14fdf1fa9af3a1a6a6659311a8eb97,2,49779|49778
within_project,1,PLATFORM,a66570f0c74e252561384bd25ad7e466c62484d5f967032e39b1c2cdba378e16,2,129697|129698
within_project,1,PLATFORM,a71b07b278efc19bde4011bedcf0116fc2c7eeb5596d3d2c82da15bceb695acb,2,8934|8939
within_project,1,PLATFORM,a7f235085ad3e9567321a7ece2d0b93f91bc512379daf9c596f3b1bd0077ee5f,2,73383|73408
within_project,1,PLATFORM,aa201c64d036d811067725bc4bb9ff69026b0664e5aab93f58ceab39a9aa5f78,2,179812|179780
within_project,1,PLATFORM,aa26e0b5e13793f6ad153314da3f32c9c1b688f4a9d42ce3af95a522af062526,2,143632|143631
within_project,1,PLATFORM,ab46bc4a468567953b39e28b5ebcc52b9c00adacbf46412b0c3030341f7f014e,2,221340|221341
within_project,1,PLATFORM,ab5d9193d188697e6e8a0655b4fff6ad57640808d7366ad3cfd346a5d2b90312,2,466887|466888
within_project,1,PLATFORM,ac4c23a1bd2e15208fe22233acfe6f2c51edf4dd541408ce2944a6ea9c9ee7c1,2,29153|29152
within_project,1,PLATFORM,ade964367f1ade622e9d89f4d5de132fb0a556e101002e54377beb46a73c287f,2,518564|518545
within_project,1,PLATFORM,ae871e53f7509efd8454d66414aba970b6d61baa0ed2981319dd133f46f94e89,2,471164|471165
within_project,1,PLATFORM,af8047c5149b6e912578d574f8da2d3ebcb6202b83275acb9e6816e41ed07ac3,2,100282|100193
within_project,1,PLATFORM,b0d4da7d5a11d70b1d2391f7a0ebfe16270986a1d65cc57f6071aa2a0c2aa2c5,2,153502|153503
within_project,1,PLATFORM,b0d921f0875e58ec43075ed642e03c27227cc7bd6895b773b01a583144bc9305,2,547928|547927
within_project,1,PLATFORM,b123eecc00ce4c841de90b4479db80207ff1c959de53c5582cf2d5f4f91d5d5b,2,127247|127248
within_project,1,PLATFORM,b141e92c165b6f8c577aa7736b53ad991569219d030511603732036ee6962823,2,48464|48465
within_project,1,PLATFORM,b201293f695bcfa7ff939a859d77d8e84cf6bca6e6c58c4bfdbdad8734f98842,2,82321|82320
within_project,1,PLATFORM,b2079602045958091b4c8f5900c4d83bdca17f99457f2bb540cd23ff4638c66e,2,71458|71436
within_project,1,PLATFORM,b24aa2a0d5b625f2c72c56481feeb0d76510478a22f21e6abdb5079cfa8a23b2,2,89176|89175
within_project,1,PLATFORM,b3daeb105c8a354db773774588fc1c4e095210e6086130b17a8d2bff2fd72796,2,42780|42781
within_project,1,PLATFORM,b3f7498e70800f93205934c44773830313ddca0280f6c96381d2fbb40a44a2b2,2,82425|82426
within_project,1,PLATFORM,b4323c09c2a0ff7660461d2ea6dcb02d4a1c4aae4b159dd6e65e6597844b9484,2,413107|413106
within_project,1,PLATFORM,b4524a9b1a19d6d1a1a7122c374a7f54a5cd51f8e970e084ff7e23d32e8ccda0,2,501847|501846
within_project,1,PLATFORM,b4b4581d00f8ad599da6d441f1a85ee6e8bb5234fe3d937bfb6ddfe0fd39b41d,2,84655|84656
within_project,1,PLATFORM,b687121146b006a3e4c7e86e3cfadc11a650e18d5457a88f09816b1fcc9dfa6b,2,333933|333934
within_project,1,PLATFORM,b76b70d31cc53473a33e4cd94da6fe68d16dfe8939730c1bc1fecffb7c472ce4,2,205169|205170
within_project,1,PLATFORM,b79ad6a24aa3c8346a0e66da9c88f3389393fc8de0608097760949469d5c443c,2,38012|38011
within_project,1,PLATFORM,b80177f43656d4bf9c7fea4a6f938bb083196440ece8b775b4aeb442163138e0,2,487549|487550
within_project,1,PLATFORM,b8edc9110fa08c0b900ea1bf8915b2db5f5127522aeb4b34995173235f59bdfa,2,53457|53450
within_project,1,PLATFORM,b9471d7a399a77ffe013f436f861dfb74fe24775145a4005ec3cb5dc99b92244,2,123056|123095
within_project,1,PLATFORM,ba2029930811f5a40a883ce9b41e256157562189a3d4a4a83acc1299130993f0,2,497861|497862
within_project,1,PLATFORM,ba259ecdf804339c5d9de94e38c15e4bbba2335142933f80ea9e0a0fac454cb6,2,97816|97823
within_project,1,PLATFORM,ba7d0badeacbcd2a7e88f7403771121fb80c4d7bc1d29b9b9fac514c084d367d,2,79128|79129
within_project,1,PLATFORM,bc8228fa20fd41935acb79d419e40ec3e8f717b67a79e894dbe86138b5cadde5,2,27640|27641
within_project,1,PLATFORM,bd4f48f2e24e2447e183fea55b9ea5901dde5a3f574b186878d8f5344ae78572,2,53110|53111
within_project,1,PLATFORM,be6d5ef8c05258a3eaa09f0b7046f1e08d3d29ef4af3b5f6fa4ca96cd6dcb5ca,2,155793|155791
within_project,1,PLATFORM,bf364225026e48174c920c7d5688389fbc75c1ce768e480194a6b050dcb877bb,2,529828|529830
within_project,1,PLATFORM,c08386bca2191ec33de7fc357d245148d1cc2c0145b80c2e6754a7aacd6dec4e,2,276612|276613
within_project,1,PLATFORM,c141bfefbce9851a6940be2ff3bcb1565331262bdde2eee9fc7f490a5c099cef,2,144987|144986
within_project,1,PLATFORM,c14e0ee17ec6358ea84513745d90e695b85f9773cfcabf4c2d75ce821cd8c803,2,13436|13443
within_project,1,PLATFORM,c1682b3d0730af6c26aac80019fb4d79f5f1e48d8a869dff75a2581d461dea40,2,131771|131772
within_project,1,PLATFORM,c23316116d324d94d028574a4400550ffca6faae0553c14f727743720caa8552,2,248597|248609
within_project,1,PLATFORM,c341baf287b55ede5af4422b68959509bc50f68cb54515c939bca2fdee0bf0b5,2,70304|70305
within_project,1,PLATFORM,c42429921edb0a57145d2a9ec3169dd87e1b6af9838773a672b0671d8c6b3fb8,2,10633|10632
within_project,1,PLATFORM,c438b339d3ce324a386ef3d3c945941784e93100946c619fa30624c7ea455ca8,2,153384|153424
within_project,1,PLATFORM,c5b56d3cca7cf393d909f44a4920d22a6dca4e2052c76515775211767f5e0425,2,32370|32371
within_project,1,PLATFORM,c83436d5c3b8bc8d8524de2c315798136bd93919749887365e2cbb76b8a1d850,2,446556|446558
within_project,1,PLATFORM,c85d6d5fb77d9a6c5067ac71b5292eab726ae2bc8e78a9335c0aeff75bf08998,2,149809|149819
within_project,1,PLATFORM,c88ef47fd6dded1785ad3ced25fd5de84b5fe3ec610229b9c54cac39e5c70554,2,578950|578951
within_project,1,PLATFORM,c983d74f378b6d186e55605c3379460548c37c7d3b83d00ff55e6d697163becc,2,118329|118539
within_project,1,PLATFORM,c9cd75fc0104037882ce36a54fe50f4cfbe646fe03f24d4b009280c73c98b6e9,2,63000|63001
within_project,1,PLATFORM,c9e53887eec6521722de62d1ee19236c64d2450ca315cf673176e8b46cf241db,2,459743|459744
within_project,1,PLATFORM,ca3495a7f88364791abc41e94c4a5822a4aefcea02c99c673864c4f38e69d6c5,2,530820|530866
within_project,1,PLATFORM,caba37f3fa12c2ea3723408fce00b4ee6392c42536b2e7756c4aacd763bd9d53,2,50291|41870
within_project,1,PLATFORM,cb0abd06413bb2af7e9cf6b3291fe6d8079df6c5b4817d5d802a745511a4acf8,2,92470|92471
within_project,1,PLATFORM,cc1a1831df4919a704589026ae98f0480ce306662478ce5ff8a5e1ca45a7d312,2,99911|99913
within_project,1,PLATFORM,cc2d20f3dbe68c10b681142708f4b64fe0b306b5189b0d37395aac4dfd29c848,2,166742|166743
within_project,1,PLATFORM,cd16b0fae80cf06bcf5a3441275cbdfa52fab1c06d1b50288091d3ccbc749dba,2,165813|165821
within_project,1,PLATFORM,cd515c739605f655ea3506bd4418ab6bafe2ae106920580722228b040bc821aa,2,213757|213756
within_project,1,PLATFORM,ceb73749c899693706ede1e30c9929b3fd5dd926163831c2fb8bd41e6efb1126,2,458292|390749
within_project,1,PLATFORM,d0339d486e1addd2e07660cc1528c9588c87609e70371ec7f811067efbd649bf,2,195883|196155
within_project,1,PLATFORM,d0f2a83184fd874c6ebc942dac6c99fbef2e7d3e93c377284725484e245aecdd,2,150672|150681
within_project,1,PLATFORM,d142db3a786c48751214ea19f6e9c0cc98fc342438be6714bb20d60e49bd40be,2,101150|101505
within_project,1,PLATFORM,d1768613caef626caae34a358edeb999f1eb514f913992f03752b619fa5f4c3c,2,57402|57403
within_project,1,PLATFORM,d1eb0ff8b843c4fefe954c8328c7e13c3b5a0361bf2652890d949c939ccdfb87,2,38387|38384
within_project,1,PLATFORM,d25b053758162e36b41e2a62be6d40dd350e659234bacf3a0d1a9ec7d7eb3886,2,501694|506694
within_project,1,PLATFORM,d3ef6b5c58ca0874a93b625fa850fab5040b9595defc94b521cf671689d471e8,2,309407|309406
within_project,1,PLATFORM,d4f67a62cb7e84bf89d23ce39455491e33faf1fe8a54a315bd647f096c57e07a,2,69535|69539
within_project,1,PLATFORM,d53c48e218ffb858c2389ce07985dda92df274aa6c07eb80e4131a25c62aef78,2,183442|183444
within_project,1,PLATFORM,d5852501c389594b66baa885c1ac7c8ccc18358db6af1fd226353256625e7d62,2,256742|256741
within_project,1,PLATFORM,d71c15b13e236cb69d1e6501af89fcee25eba52dd45c8a1d327ed1912219b17c,2,171166|171167
within_project,1,PLATFORM,d7b97679c2afc681f38d6ab691bce7146635ed467202a5ce9d1500af14ff3405,2,478932|478933
within_project,1,PLATFORM,d912b2845af43ed3e4dd40512d8c3f89544f5c39c3a28343ad9a84e68c229558,2,127297|127329
within_project,1,PLATFORM,d96b5582394cd43924e98a737f3a65766fd37f69968b737bf28b65fe65c5c215,2,146303|146252
within_project,1,PLATFORM,d97c6bf2df0a362659b90e59e98ba876d3d96a1826680ee2802748540c5cd113,2,71634|71635
within_project,1,PLATFORM,db907db790b1cdbb7c068ba83647f6599a0a182d649bb878905964a650e4f5cd,2,471568|568672
within_project,1,PLATFORM,db92f8a787809569dbccf8e12e1b0ba70978a0c51089aebbbc806e097b3d603b,2,39869|39873
within_project,1,PLATFORM,dc5579f329ddb87d528f9cc0ee8edc635af3284b44c7afa957c1d1c37d55d3cb,2,568585|566401
within_project,1,PLATFORM,dd3e3effb5a4d52ccdb32c543af970dc10e23f000e6e63ea5bd7bfbd4189921b,2,176363|176366
within_project,1,PLATFORM,dd608963eea1d5a72a2d8a6b5d21b990c3e82ecfc5bcc69e57f9dd94222422e6,2,486157|486158
within_project,1,PLATFORM,dda9d911013de743cbebd99fd7220d51911bb4dce4fbdf8efd7e3d45969013b9,2,95022|95023
within_project,1,PLATFORM,ddad1c549aac6edec9dfdec5089b3902cb435491825723fe7f8f728a8cf86555,2,64837|64840
within_project,1,PLATFORM,de79376a63e424b595edab38f0cffee201d8c4d34f850b4bf27eca3731be2b17,2,70745|70746
within_project,1,PLATFORM,df6618f40e2f1fa94b1e7ecf30289aa220cfa803f10613520235daf7aa8facc3,2,57344|57345
within_project,1,PLATFORM,df7ee67da5da8e8ecba421ddaf3f4fa123205ec9f842e042f3e0f916c1e4422f,2,28846|28847
within_project,1,PLATFORM,df8fd8193f1c125412846d2deeaa7fb4b061a37233142c24c175960a6fc89126,2,327445|327447
within_project,1,PLATFORM,e000057614a088e8cd6194ec2c73f12d76d050be0d0a40246b29f70ac29dc506,2,119829|119830
within_project,1,PLATFORM,e0ec4fc1b62cedb37151367c61c8878fd08bb66486d2f3c458cd8a6dd5d21cf4,2,249468|249473
within_project,1,PLATFORM,e118668b619fd905a82051c7ee5954346190dbbb4bd62851f59b74d2a88036f9,2,85656|85657
within_project,1,PLATFORM,e1cbf8baa73c2011ba3b0e584422d7286610494ec51871a16f9a8f27bd8c18cd,2,162617|162618
within_project,1,PLATFORM,e2493091e0c79e36a85c9c339e2d9e532cfca96533b3e720af58076275352db7,2,143003|143004
within_project,1,PLATFORM,e2e59327d22f187cc17d7aa50eb62cb4f2f6246aba0ad6996ed105479e0cc3de,2,77763|77767
within_project,1,PLATFORM,e2fe95afb455fddfbab92540555c870e81a57ca19ce730b3b071d7354f620e4f,2,41855|41856
within_project,1,PLATFORM,e347347a165863318097526ee9d3e2c0c8f3befbbdcea4dc3dd848bd8b55a887,2,250530|250531
within_project,1,PLATFORM,e3478f45547a681e9b90206bee70d2dc9311fb45d5e4eb10dc0aa5a3fb618fed,2,152800|152980
within_project,1,PLATFORM,e5a2644a15344d43542c0fc81f38211ba8c8a41e635c5c52331d7adfea0dff5f,2,528988|525883
within_project,1,PLATFORM,e663d27d07429c15db6d00fbc71a650ed13397ac97096f516dc69a03763dc374,2,16955|16956
within_project,1,PLATFORM,e75f5a71e974f738de7fb29ecafb8072554c66a1e3074e59409b6f1e4615ca83,2,429411|459374
within_project,1,PLATFORM,e8ea43eae7001c2bcefcda7fd13f2870b4224524ac8f5b8b06a61ca7efa661ea,2,164961|164962
within_project,1,PLATFORM,e91edfdbc0f20cbc29d6b9de567c5041aee698057f28d65ee61f861b69aa899d,2,145706|145707
within_project,1,PLATFORM,e93b68c74d7a1845cebad3cd4d587527a15396d1275d7fb1d54b6145dc6f3db7,2,53717|53719
within_project,1,PLATFORM,e9a0a367f1ab094eab6439ba7ee41fc309b8a7dfc024fb139e4ffe4c6b3df3b9,2,69460|69461
within_project,1,PLATFORM,ea788e20df33cb33e7f50c2e58029b510a0c0925f07bd3ccfd7bc76858c54c75,2,30066|30067
within_project,1,PLATFORM,eaca5a25f184c2fbc3f65b87b7cc345d64105c76742c50eb0835950a97f26df0,2,434051|522400
within_project,1,PLATFORM,eb0a173947346897a381c5ec110573ddb89fbae3dd9f20c9ce33fa1759f8c2df,2,564977|564978
within_project,1,PLATFORM,eb7ab67892310a846376811fe92d1065fb0364758187bed9b193c80ea4901e00,2,94984|94985
within_project,1,PLATFORM,ec908711eb0979d3778b4c3f20e58434d314f6dd0d5c0f95c0ed7e3339f5a612,2,579034|579035
within_project,1,PLATFORM,ed11f0184fe7b227232373d90a129b7a6c342e8feb30fbda96988bdf468a70b4,2,26855|26856
within_project,1,PLATFORM,ee5abd49435284ab7381d64abde9b14ea2a40b0cd95b61568852e30c213854ee,2,574957|574958
within_project,1,PLATFORM,ee9adf82fb01742f9acdf7497cd8c5238562e6c5f904a434983a9ab70a1b7b5a,2,27162|27163
within_project,1,PLATFORM,ef225aebc3a582d654eadcab1aa5269fc90c06c284af96a389e9ac2c2cf2553e,2,8136|8174
within_project,1,PLATFORM,f0aea2705e3dfff77496c72706ae313eb80741a7113a80a16c813d4b1458d392,2,30386|30387
within_project,1,PLATFORM,f1030aaa951f759357562e688a05ee845a130565fee75d0d08a724f18598c2c6,2,300863|300862
within_project,1,PLATFORM,f29219d9f8d88ea51a2856a8fe78f584e47dc704e92881ae5279fec2f5a265b5,2,95266|95269
within_project,1,PLATFORM,f41b959ddaa66b1b15c8abd049fe036987dbeaeed72025fb3bdd9b39b882336e,2,303829|303832
within_project,1,PLATFORM,f4ea19db8c9d24057d5f067ffd9c26320e7381f9bc4ebe9ff1957003b41efb43,2,65685|65698
within_project,1,PLATFORM,f60ae46145d5dd3cd69441653519afe7485b505d17b32edf227f2ead9714cf83,2,76259|76278
within_project,1,PLATFORM,f8b2064b26038ef8bb92a0e2d283f9a4de0a36bff401d226c4816a139d4f1876,2,131469|131470
within_project,1,PLATFORM,f8ee62fbf72df362fa824cb900b73015206584eb3601c75fbaeba8c12f3b8e78,2,180103|180104
within_project,1,PLATFORM,f8f4ac47c8012b05f68f325145f224821a15f408eeb3964d8ce73f0220a36135,2,506880|506879
within_project,1,PLATFORM,fb0ba55d672d09899bec139cde0ba46a10334f1a712b7727edcfcb4dba02157c,2,485095|485096
within_project,1,PLATFORM,fc7dac7ffc410c583cbb405fce5c26aac9d5d806ffbc17d18e1fded38fd8d3ec,2,47387|47388
within_project,1,PLATFORM,fd010fa45020c4ca7dd09f99bf42df0817eb05163af4bd3d72ba58698d76dc26,2,575858|576167
within_project,1,PLATFORM,fdd5bc064b5853cd711db8d0aeb0a86584dc0552c28a9ffc94331f4e1eec49c4,2,391662|391663
within_project,1,PLATFORM,ff144520cce2c218d0338da573fa4c5b4002390313f6a613221a6c05b08399e4,2,40902|40903
within_project,1,PLATFORM,ff398e7db906f6358bca6dea508eab4649778706605c22ba731493cc571d3d19,2,29986|29989
within_project,1,PLATFORM,ff795fbd7548c19bb0c8beaeda4c569890d0d8465b59f59a29369f60022801e0,2,77810|77813
within_project,1,PLATFORM,ffa6b7f4b50e8c66ec7fa1d9986864f45d43e2a907667e5c0fad3e5389b0d1e7,2,62222|62279
within_project,1,PLATFORM,ffe9aaeaa2a2d5048174df0b80599ef0197ec024c4b051bc9860cff58ef7f9f3,2,428304|443621
within_project,1,PLATFORM,ffea3f463d61612435067946e957ad69101b054d90582164daf84841a2c50d0b,2,8755|8756
within_project,1,TPTP,788b19b2e79276e262d1443298b629297ac672fc2780f866dde1f16e51be8f7b,47,92680|92683|92684
within_project,1,TPTP,bcc9d40975e4626a31096e08e159737d33405c4425a1ccdfe8ade0e2cad115de,7,104133|104135|104132
within_project,1,TPTP,2a2913727678d2f35b6cd490e482d415bc7078513cd573365dfa61834a495b97,4,144793|144794|144795
within_project,1,TPTP,4d6b87ded3a71c184f0c2c0d58954f691ce5384ccdace3c59d2af5e65b871018,4,195422|195424|195425
within_project,1,TPTP,7822af46a91c6d3ebc88bb6aaaf0697aa3b486f6982d29ad8d62e6766d7b5dee,4,142596|142598|142599
within_project,1,TPTP,7f6dc798c653c117140f4825324d913b561554049b0e440301f12c51be7a9c18,4,109805|109807|109808
within_project,1,TPTP,a97730a1d9cc78df11723671bc6ec17d7a422347958cb7bfeb1270fdd0dca6e2,4,109812|109813|109814
within_project,1,TPTP,f62669f50b604ae7377c68a4c322f422c28fffea496b75c6d460ec02afe0aecd,4,142571|142575|142576
within_project,1,TPTP,093f15c96312d0ae2ed9011cc92014ded9e57789b7c43e0890abc4bf6dd7338f,3,101127|101129|101137
within_project,1,TPTP,122a9fc4d654c84208139b7d343eb146fa7ef80fe3817bf6c627496e5585e5bf,3,90754|90752|90753
within_project,1,TPTP,26cf50145b940837a4dfad3670322709d40d44cffd0448440875b794aaa6eb23,3,165727|165728|165916
within_project,1,TPTP,3937fcca315f5878cbb52790572f4c83a7b826848839f1c6e1bcf0549c9271a2,3,114980|114981|114982
within_project,1,TPTP,4a91707f8835640a0fe3761170feb251eee1e3548a07ba8cead68b704081c260,3,182374|182375|182378
within_project,1,TPTP,995a261c74c827e800a8358761ba8f23933527ed140ac01b6feb508fb161519a,3,108874|108876|108877
within_project,1,TPTP,d7f725c92728bcbf4934617afcca26f0d619b1dff31792a0441122b16d56dc67,3,131756|131757|131755
within_project,1,TPTP,e7ff7c9768eb67e185c9239ad9b9ff345146c05cbd2d77b289be221cd3a60884,3,244187|244188|244189
within_project,1,TPTP,f39fc19ae8772bceca133ceaaacf0d6960dcb0e3b5154c54181585f75c5e95ce,3,104809|104807|104808
within_project,1,TPTP,01607f1a9696904e2d26b40f828796b1d993a4eab4f9cab438c8be462037bfee,2,192254|192343
within_project,1,TPTP,028fcf65a469870d43efc706cb3729ca3b257525f88445f83013721e9b6f8d42,2,185888|185889
within_project,1,TPTP,03366ae5d933d1ef16d123fe50757bfb5e09fac6375ed67ec946c39502df16f0,2,140671|140670
within_project,1,TPTP,070470f052fd96ce152ad9d158e6e55f5787d5bdeea9ceb3448baee308a80d72,2,187527|187528
within_project,1,TPTP,0c543e2e9a1bdf6c0da4676b09cc2316621e104ca1ef8fdc2efe13fdeac8cb4c,2,134531|134533
within_project,1,TPTP,0cf5db893b70014c94235677b5debe9f5b89b3f383b0c75c98b2b2b798bf1fe1,2,101441|101442
within_project,1,TPTP,133c7406fb9ac00ed679491f3e17bfe9612abb2a5a5c032276a72c2150be55d6,2,108059|108265
within_project,1,TPTP,1b94387c1cea492cd94f2afe3a2aeec4933034f26a6d8ca6db7a2011f3dfd14a,2,126827|126829
within_project,1,TPTP,1baf2e1892a40e2b5191b802a32f12d37862d18970b52ec9778d4beb663588d7,2,163399|163411
within_project,1,TPTP,209c8012496fc0d9fd79d27b6dcaf8ec97158500aa2abd7e51ed600e7f1cfc2a,2,83009|83010
within_project,1,TPTP,2439dc66155713074cf45c00f68fe537abe599ddff50a3b47224c0d442b501e6,2,155458|155457
within_project,1,TPTP,2b0752d9fef9cf7115fa4f6dc42befcd0eef103a3f56ea85a57678397df90e52,2,170339|170274
within_project,1,TPTP,2c1ae8d12a2821e0969f59a61e39b51458b3f45be63947026b379fcc4c6190d7,2,90831|90828
within_project,1,TPTP,2f9b2f2e1c4ff70e04c42168422ba925c54fc6d862f8435640b04f86dcc25f0f,2,135334|135343
within_project,1,TPTP,30103ae8811a2c244c6e189bf8e3768dc0e00c3b053d94e4634a4b9244639132,2,178647|178646
within_project,1,TPTP,3089b11678a8e4aa331603f60b3d4f63f6e4dc79d5dda7bab9d72a95015ae6fb,2,301714|301715
within_project,1,TPTP,31eea880c082f1886da470084a42681eb8a0e2bcced98de28319b0beab3d4261,2,102868|102880
within_project,1,TPTP,3632c46d078beff5dcb316d31da6a319c8507e46c1d949091a5ff300e82ab5b4,2,135330|135331
within_project,1,TPTP,412de901310f45c707580d532f2375a6a0973a3a87addb03545ae05fe99c4372,2,178749|178750
within_project,1,TPTP,4b5c21b0d12c525dd7994129fc2b3b0e72cb106584c1733d7882dd94c973bb2f,2,176497|176624
within_project,1,TPTP,543c6addf233843f13684545499faf9f08d85429f121b2ffde0b4514788587e2,2,135075|135073
within_project,1,TPTP,5735f43c2a0cbb5b5e16613d66c2277f1ee6a94a4f3626053dafe4255d50b577,2,123176|123178
within_project,1,TPTP,5b5e0d6270c19be143a061fa577f786b4efe4cdf29aa0b492e140a772dc30022,2,180280|180577
within_project,1,TPTP,65e8f1404443c47470531f93d48c0776fef2f868600dc9075725d1c72d809a74,2,150993|150992
within_project,1,TPTP,67ce06514ff93315ab8bbe3be150a7a62cd46662f6ae378149f32c92c2a177d5,2,186206|186207
within_project,1,TPTP,683107d43c3149ea2f71ee5fdd04ea814cc2384a82062f4fcc7e883740417624,2,84203|84202
within_project,1,TPTP,6a3ed8d7ea08875bd6768f6d7d0622597e4296b4395917192f71c0840c9ccbac,2,170280|170279
within_project,1,TPTP,6c3f89fdb7dd7b68fa5f30abda1e230cb36e8e09db267a181402fef2e8c228d5,2,102391|102392
within_project,1,TPTP,6fac448929671aed372b69f201ec827651f978ae9bb9680c46dd79a037d2aa8c,2,167679|167664
within_project,1,TPTP,71c38a81fbe4316902dd63906bd7983dd1ced3860f3f917f9062964480faf5c7,2,181619|181625
within_project,1,TPTP,7611a7b11fad9fd13057c957356cb08085e6eb0e3a5c61dd51cd7b523e09a212,2,111374|111373
within_project,1,TPTP,7b6d7d40cbb932c018b362ca57cd3bc9143c2e32eff37eac0c95792daa0adf71,2,146618|146617
within_project,1,TPTP,82caa49e0de4b46989f598c327d88f50afcb2b767cf3657896368c16c8afbc24,2,158058|158056
within_project,1,TPTP,82e5c323976e80ed174d49f5adf3e616a84e340ae3ee2a55007b56824c260676,2,113158|113175
within_project,1,TPTP,8530a1873d8063c20f99a51a0fc7d7117c6a83a31af6ba8dd11ba7bb8017eb94,2,152347|152349
within_project,1,TPTP,86f496fd37cf856667faa8e65176840e256411c4a8b50699ec8dc8483c710d43,2,148680|148685
within_project,1,TPTP,877d19193a5caeed5d0571c72ae2df268d4240117f93baad56885dfe4f13fbfb,2,148102|148104
within_project,1,TPTP,88afceb7ea3c3d8a12fda991c3ebbd6e3b2dd0b9d0357d6479c1303708e28f5d,2,163290|163374
within_project,1,TPTP,9a2f63a4478def3629c4be25c935dffe168a718dcb7318393cb538338589dccd,2,152333|152337
within_project,1,TPTP,9b9cb05aed16d7dfeae0553e914b649aa2c114824ec3dfd99d43a632bc49dcb1,2,178961|178957
within_project,1,TPTP,9d5fe530daa0521782634b980f6ea70c17b4dd6bd23cf469f14ce2d655783ba3,2,174574|174964
within_project,1,TPTP,9e3421c171e734d351effb8556ef85340d2437c2331de738fa10998899fd3547,2,113808|113809
within_project,1,TPTP,9f83574c8ce55b9e143aa36d3a188a5855ef23f62fe96295400974587ae42c2e,2,166812|166813
within_project,1,TPTP,a6ed2ac288a5a3bd26d68107e02d42b7ee3ebb98e6a724861f672ce05edabd65,2,171693|171694
within_project,1,TPTP,aa6bd8e9b6ebcf2393a44395f25ef0b296f89b2942c886c725eb461f528e35b2,2,280941|311370
within_project,1,TPTP,aa8171daffe7fb68223295af268ba393e4c1bc0b415cab6f0747b117aeab7d3d,2,196702|196703
within_project,1,TPTP,ad1125d9bd5b7eb350123f31506dd3b0777d3c719a402e7b2afbd7f970779ad3,2,147659|147662
within_project,1,TPTP,ae0e3127f703e20711abd4059e00cbeb885df24acebae16e8b6fcdb3f469e08a,2,112780|112779
within_project,1,TPTP,b20f2f78fe00ae9706ad8634b38f07c0579c0d394109e0d18527450b77455e9e,2,201824|205219
within_project,1,TPTP,b29be9e7ac7f9c45818c078c6b160569a49fc29edb92980fdd206679dfaf24ab,2,229026|229027
within_project,1,TPTP,b5fcf44e068dfc660f3ed5ff82e54505df8a23abeec7334821a347795394323c,2,124013|124014
within_project,1,TPTP,b6b5086d0f919e88626d889862048938825dd24e3e854aa2977b7ac5cf4f78fa,2,171624|171625
within_project,1,TPTP,bb7fc57cedabe00034956b9431e76918bf84a5393d07b97082355140f9d51209,2,145610|145609
within_project,1,TPTP,bd971bdaa6fe7b3ed75ef49cb2b78b13d2f9e6e6edc041121f5f28d301dc930b,2,167105|167104
within_project,1,TPTP,c938a88560713f4254353c0771ea868710ff4ecd877d35359c5b931ad0a6b884,2,187098|187099
within_project,1,TPTP,cc3efb57cc3ed9a519c2c601b63ad55594b550f5987fd3c391863c2f2f3ec610,2,110733|110736
within_project,1,TPTP,d4e790754a3ac3556da174e718c6db39c1701413df658136bbb6c8809ffe6ee1,2,189345|189344
within_project,1,TPTP,deace93b418cf83de1a8ffdb4ac6fa24331956d93944ce8e98ba0aecbb8cf5d7,2,87069|87072
within_project,1,TPTP,e48a090405a719fc06552eec0fb8239053465e9ae3a2559a53450d665c6b4dd7,2,205470|195203
within_project,1,TPTP,e6734b743c7455c3e050d39c4297ccf21b55bc7e910b61888a9cb3db60899b26,2,171696|171697
within_project,1,TPTP,e8cf7f5238aee9ca19a166e1bd988187ef921c7acd3193dbb85672ed2ffcae12,2,101321|101325
within_project,1,TPTP,eb12c82669b78ef012fff3302df7951dbf21566aad653e6ad203cdf270b496cd,2,105364|105365
within_project,1,TPTP,ece647a01e3f4fe86e0be46b22824c50de34805c3490fffecda1ee1d02619980,2,105182|105229
within_project,1,TPTP,ef0bab7f8f3216b08913c11d126de56fb8b2d58770774d972ea0c3d2d73a177a,2,87302|87301
within_project,1,TPTP,f8312c684e45e5a398e87c972ebbf2d31337fc895727a87d9104dac68f67e825,2,176721|176739
